Time (sec),Max Height X,Max Height Y
1.2,0.2944300003,0.232648852
1.233310658,0.3166613165,0.2388058353
1.266666667,0.3129429034,0.2235677982
1.3,0.3071635479,0.2215253863
1.333310658,0.306456274,0.2195523528
1.366666667,0.2963872211,0.2215457452
1.4,0.2948373758,0.2255206705
1.433310658,0.2916237841,0.2236099984
1.466666667,0.2855525354,0.2236099984
1.5,0.2820160181,0.2223010008
1.533310658,0.2804758087,0.2249635682
1.566666667,0.2899034578,0.2295305814
1.6,0.2841908616,0.2344206685
1.633310658,0.279162759,0.2361821079
1.666666667,0.2763644986,0.2381066161
1.7,0.2763644986,0.2400871607
1.733310658,0.2728731464,0.2400871607
1.766666667,0.2728731464,0.2379765564
1.8,0.2681619409,0.2367955431
1.833310658,0.2681619409,0.2335904013
1.866666667,0.2638253488,0.2323881396
1.9,0.2610345994,0.2287967719
1.933310658,0.259867521,0.2256327432
1.966666667,0.259867521,0.2256327432
2,0.259867521,0.2229559444
2.033310658,0.259867521,0.2202763782
2.066666667,0.2590611706,0.2143430462
2.1,0.2590611706,0.2079804974
2.133310658,0.2542564228,0.2055749857
2.166666667,0.2530299973,0.1994991415
2.2,0.2649108928,0.2038764019
2.233310658,0.2631216329,0.2102756165
2.266666667,0.268811597,0.2073699283
2.3,0.269566062,0.2073699283
2.333310658,0.2781235167,0.2073699283
2.366666667,0.2849646971,0.2100157936
2.4,0.2849646971,0.2100157936
2.433310658,0.2849646971,0.2100157936
2.466666667,0.277346321,0.211777233
2.5,0.277346321,0.211777233
2.533310658,0.277346321,0.211777233
2.566666667,0.277346321,0.2133839053
2.6,0.2789014042,0.2126146159
2.633310658,0.2792977108,0.2078886847
2.666666667,0.2796970811,0.2078886847
2.7,0.2796970811,0.2110792985
2.733310658,0.2691121378,0.2199613096
2.766666667,0.2659071937,0.2154320493
2.8,0.2742070491,0.2188443378
2.833310658,0.2742070491,0.225331906
2.866666667,0.2812076911,0.2233984043
2.9,0.2880291056,0.2201609453
2.933310658,0.2892178276,0.2259126286
2.966666667,0.293421148,0.2228973384
3,0.2941836182,0.2233151898
3.033310658,0.2941836182,0.2233151898
3.066666667,0.3022874946,0.2249687074
3.1,0.2945541302,0.2299374628
3.133310658,0.2945541302,0.2299374628
3.166666667,0.2945541302,0.2299374628
3.2,0.2945541302,0.2299374628
3.233310658,0.2995339051,0.2299374628
3.266666667,0.2995339051,0.2299374628
3.3,0.2995339051,0.2299374628
3.333310658,0.2957493256,0.2295195125
3.366666667,0.2957493256,0.2291198457
3.4,0.2934790622,0.2207675612
3.433310658,0.2990475154,0.2251289101
3.466666667,0.2994465892,0.2251289101
3.5,0.2994465892,0.2251289101
3.533310658,0.299820165,0.2251289101
3.566666667,0.3050259137,0.2220433521
3.6,0.3050259137,0.2224430189
3.633310658,0.3065662714,0.2224430189
3.666666667,0.3065662714,0.2224430189
3.7,0.3040311941,0.2253509801
3.733310658,0.3028059051,0.2253509801
3.766666667,0.2987365976,0.2265621365
3.8,0.2987365976,0.2265621365
3.833310658,0.2987365976,0.2265621365
3.866666667,0.2987365976,0.2265621365
3.9,0.2987365976,0.2265621365
3.933310658,0.2987365976,0.2265621365
3.966666667,0.2975850849,0.2189453416
4,0.2975850849,0.2189453416
4.033310658,0.2975850849,0.2189453416
4.066666667,0.2975850849,0.2189453416
4.1,0.2975850849,0.2189453416
4.133310658,0.2975850849,0.2189453416
4.166666667,0.2975850849,0.2189453416
4.2,0.2975850849,0.2189453416
4.233310658,0.2975850849,0.2189453416
4.266666667,0.2975850849,0.2189453416
4.3,0.2975850849,0.2189453416
4.333310658,0.2975850849,0.2189453416
4.366666667,0.298008619,0.2163919809
4.4,0.298008619,0.2163919809
4.433310658,0.298008619,0.2163919809
4.466666667,0.298008619,0.2163919809
4.5,0.298008619,0.2163919809
4.533310658,0.298008619,0.2163919809
4.566666667,0.298008619,0.2163919809
4.6,0.298008619,0.2163919809
4.633310658,0.298008619,0.2163919809
4.666666667,0.298008619,0.2163919809
4.7,0.298008619,0.2163919809
4.733310658,0.298008619,0.2163919809
4.766666667,0.298008619,0.2163919809
4.8,0.298008619,0.2163919809
4.833310658,0.298008619,0.2163919809
4.866666667,0.2873955092,0.238167001
4.9,0.2736900222,0.2443612431
4.933310658,0.2832165997,0.2448574663
4.966666667,0.2877111709,0.2402310565
5,0.2915183329,0.2342223176
5.033310658,0.3057926335,0.2338231449
5.066666667,0.3065646901,0.2341973137
5.1,0.3093763419,0.2341973137
5.133310658,0.3204388791,0.225583032
5.166666667,0.3106042499,0.2219299946
5.2,0.3052753595,0.2182344605
5.233310658,0.3045257372,0.2182344605
5.266666667,0.2927135283,0.223171887
5.3,0.2977110431,0.2290795233
5.333310658,0.2985918123,0.224946273
5.366666667,0.2985918123,0.224946273
5.4,0.2985918123,0.224946273
5.433310658,0.2971601671,0.2401728459
5.466666667,0.2908988198,0.2388890498
5.5,0.2905177824,0.2385008473
5.533310658,0.291353337,0.2336290437
5.566666667,0.2917712872,0.2296523395
5.6,0.300052118,0.2296523395
5.633310658,0.300052118,0.2341932617
5.666666667,0.3068428953,0.2336855742
5.7,0.2978916542,0.2161203972
5.733310658,0.2975063177,0.2161203972
5.766666667,0.2975063177,0.2242943932
5.8,0.2975063177,0.2218822599
5.833310658,0.2975063177,0.2218822599
5.866666667,0.2975063177,0.2218822599
5.9,0.2975063177,0.2218822599
5.933310658,0.2975063177,0.2218822599
5.966666667,0.303369036,0.2218822599
6,0.303369036,0.2218822599
6.033310658,0.3013648711,0.2218822599
6.066666667,0.3009904553,0.2218822599
6.1,0.2895832006,0.2218822599
6.133310658,0.2879986167,0.2227181604
6.166666667,0.3030878658,0.2216763979
6.2,0.3011928089,0.2087700468
6.233310658,0.3002671711,0.2140668176
6.266666667,0.3002671711,0.2184628557
6.3,0.2987014143,0.2184628557
6.333310658,0.2987014143,0.2200226827
6.366666667,0.2937469891,0.2167012186
6.4,0.29335681,0.2167012186
6.433310658,0.29335681,0.2092794144
6.466666667,0.2869737046,0.2088893341
6.5,0.2780567573,0.2088893341
6.533310658,0.2727062727,0.2104383888
6.566666667,0.2705659207,0.2209845909
6.6,0.2658974095,0.2205561648
6.633310658,0.2570943633,0.2172963703
6.666666667,0.2566918305,0.2172963703
6.7,0.2517804457,0.2177143205
6.733310658,0.2443344777,0.2189247851
6.766666667,0.2443344777,0.2289838563
6.8,0.250877687,0.2235741233
6.833310658,0.2484582403,0.229813234
6.866666667,0.2539193646,0.229813234
6.9,0.2539193646,0.2391686387
6.933310658,0.2522696026,0.2440271003
6.966666667,0.2522696026,0.2493214991
7,0.2538760773,0.2496594963
7.033310658,0.2534581764,0.2474882106
7.066666667,0.2542285035,0.2490202666
7.1,0.2607235828,0.2479561686
7.133310658,0.2611196917,0.2490970572
7.166666667,0.260722891,0.2438188664
7.2,0.2557742968,0.2349251935
7.233310658,0.2530920623,0.2469674776
7.266666667,0.2554751891,0.2441991626
7.3,0.2538253777,0.2468549107
7.333310658,0.2538253777,0.2523859076
7.366666667,0.2538253777,0.2523859076
7.4,0.2618355143,0.2505609208
7.433310658,0.2734818377,0.2489354708
7.466666667,0.2839214522,0.2506232822
7.5,0.2936248852,0.2571995994
7.533310658,0.2978531601,0.2538557998
7.566666667,0.3055896376,0.2538557998
7.6,0.3112222312,0.248531752
7.633310658,0.3215093022,0.2415974742
7.666666667,0.3158394498,0.2492561728
7.7,0.3175202443,0.2422245478
7.733310658,0.313160279,0.2393859649
7.766666667,0.3139951912,0.2361152991
7.8,0.3159996526,0.2325111824
7.833310658,0.3188592367,0.2316966291
7.866666667,0.3169392747,0.2284368346
7.9,0.3089166362,0.2264244669
7.933310658,0.3041139144,0.2226908834
7.966666667,0.3049061323,0.2239907888
8,0.3052801528,0.2239907888
8.033310658,0.3015396018,0.2239907888
8.066666667,0.2995577725,0.2239907888
8.1,0.287361413,0.2239907888
8.133310658,0.2872702921,0.2219624107
8.166666667,0.2834671327,0.2219624107
8.2,0.2622246063,0.2233509661
8.233310658,0.2658822886,0.2233509661
8.266666667,0.2628221298,0.2307539927
8.3,0.2620371266,0.2311465437
8.333310658,0.2620371266,0.2311465437
8.366666667,0.2541825972,0.2274074258
8.4,0.2537646963,0.2214598623
8.433310658,0.2537646963,0.2242251137
8.466666667,0.2537646963,0.2265759726
8.5,0.2542275152,0.2115177065
8.533310658,0.258257192,0.2040954082
8.566666667,0.2595100051,0.2005195568
8.6,0.2759807928,0.2005195568
8.633310658,0.2728283272,0.2097333386
8.666666667,0.2728283272,0.2105471013
8.7,0.2655591159,0.2105471013
8.733310658,0.2655591159,0.2105471013
8.766666667,0.272099558,0.2109649527
8.8,0.2724991259,0.215679222
8.833310658,0.2861202125,0.2186747462
8.866666667,0.284767878,0.226663338
8.9,0.2964938088,0.2275624894
8.933310658,0.2947004474,0.2127124572
8.966666667,0.2934466461,0.2171613691
9,0.2946356646,0.2171613691
9.033310658,0.2946356646,0.2171613691
9.066666667,0.2946356646,0.2171613691
9.1,0.2946356646,0.2171613691
9.133310658,0.2852799635,0.2171613691
9.166666667,0.2860720825,0.2183013681
9.2,0.2910958859,0.2154018074
9.233310658,0.2923945559,0.2257894869
9.266666667,0.2916245253,0.2257894869
9.3,0.2822377917,0.2249973679
9.333310658,0.2785963668,0.2249973679
9.366666667,0.2679750047,0.2249973679
9.4,0.2679750047,0.2249973679
9.433310658,0.2672268649,0.2249973679
9.466666667,0.2839979463,0.2307437144
9.5,0.2885964861,0.2315575759
9.533310658,0.3021670213,0.2361163863
9.566666667,0.3115832062,0.2184629545
9.6,0.3066121283,0.207037861
9.633310658,0.3090642875,0.2116579457
9.666666667,0.3090642875,0.2120581066
9.7,0.3048430296,0.2133919105
9.733310658,0.3048430296,0.2133919105
9.766666667,0.3048430296,0.2133919105
9.8,0.3048430296,0.2133919105
9.833310658,0.3048430296,0.2133919105
9.866666667,0.3048430296,0.2133919105
9.9,0.3048430296,0.2225747587
9.933310658,0.3048430296,0.2225747587
9.966666667,0.2924607223,0.2203072131
10,0.2972999121,0.2203072131
10.03331066,0.2935132572,0.2203072131
10.06666667,0.2935132572,0.2203072131
10.1,0.2935132572,0.2203072131
10.13331066,0.2935132572,0.2203072131
10.16666667,0.2935132572,0.2203072131
10.2,0.2866508778,0.2259421786
10.23331066,0.2866508778,0.2259421786
10.26666667,0.2838534575,0.2259421786
10.3,0.2838534575,0.2259421786
10.33331066,0.2804613302,0.226824529
10.36666667,0.2754260624,0.226824529
10.4,0.2754260624,0.226824529
10.43331066,0.2589877896,0.228168117
10.46666667,0.2636763138,0.228168117
10.5,0.2611446462,0.2273758003
10.53331066,0.2543420093,0.2218873002
10.56666667,0.251984084,0.2141781985
10.6,0.251984084,0.2141781985
10.63331066,0.2515994393,0.2145517743
10.66666667,0.2515994393,0.2145517743
10.7,0.2524137949,0.2141780009
10.73331066,0.2664575755,0.2141780009
10.76666667,0.2789228503,0.2141780009
10.8,0.2831579938,0.2141780009
10.83331066,0.2860052737,0.2141780009
10.86666667,0.2851660624,0.2141780009
10.9,0.2867939336,0.2263087375
10.93331066,0.2876045337,0.2271012518
10.96666667,0.2888573962,0.2291242931
11,0.3008781355,0.2273877587
11.03331066,0.3008781355,0.2269885861
11.06666667,0.3012520078,0.224974143
11.1,0.3234066323,0.2226887092
11.13331066,0.3238060026,0.2222892401
11.16666667,0.3337794873,0.2222892401
11.2,0.3341694194,0.2222892401
11.23331066,0.3239720362,0.2289756534
11.26666667,0.321242067,0.2289756534
11.3,0.321242067,0.2289756534
11.33331066,0.3235259196,0.2436778366
11.36666667,0.3227118604,0.2244316675
11.4,0.3223290935,0.2244316675
11.43331066,0.3191247424,0.2244316675
11.46666667,0.3191247424,0.2244316675
11.5,0.3104678157,0.2193263296
11.53331066,0.3104678157,0.2193263296
11.56666667,0.3104678157,0.2193263296
11.6,0.3104678157,0.2193263296
11.63331066,0.3104678157,0.2193263296
11.66666667,0.3004724401,0.2226559966
11.7,0.3000728722,0.2226559966
11.73331066,0.2889643298,0.2226559966
11.76666667,0.2881142473,0.2226559966
11.8,0.2864836582,0.2226559966
11.83331066,0.2864836582,0.2226559966
11.86666667,0.2999834314,0.2226559966
11.9,0.3054964413,0.2234478191
11.93331066,0.3102857716,0.2271389059
11.96666667,0.3102857716,0.2275131734
12,0.3102857716,0.2275131734
12.03331066,0.3102857716,0.2275131734
12.06666667,0.3078001585,0.2379899972
12.1,0.3025085269,0.2375725411
12.13331066,0.30651488,0.2379610402
12.16666667,0.3126508126,0.2379610402
12.2,0.2904472675,0.2354254687
12.23331066,0.2887048033,0.2430761622
12.26666667,0.2887048033,0.2430761622
12.3,0.2860560226,0.2314251443
12.33331066,0.2860560226,0.2314251443
12.36666667,0.2860560226,0.2314251443
12.4,0.2860560226,0.2314251443
12.43331066,0.2860560226,0.2314251443
12.46666667,0.2856827928,0.2314251443
12.5,0.2796556715,0.2339666455
12.53331066,0.2859258641,0.2335705366
12.56666667,0.2937880034,0.2331525863
12.6,0.2957415181,0.2303684585
12.63331066,0.2941411709,0.2245499665
12.66666667,0.260766376,0.2461704171
12.7,0.2336604889,0.2517469744
12.73331066,0.2249087352,0.2458947815
12.76666667,0.2805475095,0.2555529011
12.8,0.2879718338,0.2541102859
12.83331066,0.2932945474,0.2459638633
12.86666667,0.3001311816,0.2344673161
12.9,0.2916335188,0.2208755819
12.93331066,0.294475956,0.2171941805
12.96666667,0.2320051924,0.2256876925
13,0.2829717989,0.2274522944
13.03331066,0.2752682316,0.2230884748
13.06666667,0.2572330212,0.2140449763
13.1,0.2756903327,0.2184410143
13.13331066,0.2906266431,0.2184410143
13.16666667,0.2915083017,0.2259916922
13.2,0.2729214741,0.2210119667
13.23331066,0.2942167261,0.2224426236
13.26666667,0.3065946354,0.2395368776
13.3,0.3236744604,0.2457484149
13.33331066,0.3266006063,0.2378356254
13.36666667,0.3262161593,0.2303281361
13.4,0.3262161593,0.2233529427
13.43331066,0.3230763438,0.2126338877
13.46666667,0.3139818987,0.2122454875
13.5,0.3069869888,0.2202690649
13.53331066,0.2955091203,0.2255334195
13.56666667,0.2955091203,0.2255334195
13.6,0.2987510267,0.2259072918
13.63331066,0.2987510267,0.2259072918
13.66666667,0.293706469,0.2312809519
13.7,0.2932820948,0.2321296014
13.73331066,0.2800443682,0.2321296014
13.76666667,0.2800443682,0.2321296014
13.8,0.2800443682,0.2321296014
13.83331066,0.2800443682,0.2321296014
13.86666667,0.2800443682,0.2348272534
13.9,0.2779490825,0.2393868544
13.93331066,0.2779490825,0.2472069417
13.96666667,0.2651057847,0.2456286334
14,0.2940919043,0.2456286334
14.03331066,0.3020154662,0.2539357529
14.06666667,0.3207310688,0.2527036446
14.1,0.3380694813,0.2501516675
14.13331066,0.3474819106,0.2442211027
14.16666667,0.3498159685,0.2406486115
14.2,0.3449921961,0.2406486115
14.23331066,0.3378674736,0.2368441672
14.26666667,0.3338253443,0.2368441672
14.3,0.3301520468,0.2335451374
14.33331066,0.3301520468,0.2335451374
14.36666667,0.3263448354,0.2335451374
14.4,0.3188830052,0.2335451374
14.43331066,0.3306014743,0.2386690552
14.46666667,0.3358425052,0.2386690552
14.5,0.328602498,0.2386690552
14.53331066,0.3282031277,0.2386690552
14.56666667,0.3282031277,0.2386690552
14.6,0.3282031277,0.2386690552
14.63331066,0.3282031277,0.2386690552
14.66666667,0.3282031277,0.2386690552
14.7,0.3219029404,0.2470814281
14.73331066,0.3215027794,0.2361184617
14.76666667,0.3231745804,0.2361184617
14.8,0.333819118,0.2416246523
14.83331066,0.3211997186,0.2384282075
14.86666667,0.3208003483,0.2384282075
14.9,0.3208003483,0.2384282075
14.93331066,0.3204266243,0.2384282075
14.96666667,0.3153851303,0.2384282075
15,0.3149890214,0.2384282075
15.03331066,0.2912348403,0.2171890413
15.06666667,0.2932950909,0.2143594519
15.1,0.3002404871,0.2139422923
15.13331066,0.3002404871,0.2192726651
15.16666667,0.3010115554,0.2192726651
15.2,0.3034532882,0.2192726651
15.23331066,0.3063125759,0.2205261206
15.26666667,0.3078896981,0.2205261206
15.3,0.3082651516,0.2291952527
15.33331066,0.3082651516,0.229595216
15.36666667,0.3082651516,0.229595216
15.4,0.3082651516,0.229595216
15.43331066,0.294922468,0.232105487
15.46666667,0.2929974163,0.232105487
15.5,0.2841082401,0.232105487
15.53331066,0.2674445864,0.232105487
15.56666667,0.2848976907,0.232105487
15.6,0.2991736219,0.232105487
15.63331066,0.2939960396,0.2546180722
15.66666667,0.2778118577,0.2452864855
15.7,0.2717615609,0.2539453393
15.73331066,0.2622855841,0.2539453393
15.76666667,0.2656119403,0.2637266995
15.8,0.2659927307,0.2554043603
15.83331066,0.2740008412,0.2519689456
15.86666667,0.27699345,0.2398158735
15.9,0.2609464435,0.2477667123
15.93331066,0.2762538095,0.2563424505
15.96666667,0.2773953898,0.2496047447
16,0.288097891,0.2441875995
16.03331066,0.291160817,0.235559284
16.06666667,0.2876564193,0.2403600291
16.1,0.2840120789,0.245610943
16.13331066,0.2800231198,0.2427594134
16.16666667,0.2750699795,0.2487266439
16.2,0.2750699795,0.2491252236
16.23331066,0.27708042,0.2518804932
16.26666667,0.2894066909,0.2518804932
16.3,0.2947635501,0.2527385315
16.33331066,0.3005724062,0.2527385315
16.36666667,0.2994431302,0.2535770015
16.4,0.2994431302,0.2535770015
16.43331066,0.2971986612,0.2609738018
16.46666667,0.2962729741,0.2603585877
16.5,0.2895180719,0.2642457523
16.53331066,0.2855383039,0.2683998556
16.56666667,0.2902835563,0.269572172
16.6,0.2835954134,0.269572172
16.63331066,0.267150272,0.2619330416
16.66666667,0.2592160859,0.263779178
16.7,0.2563903015,0.2602391028
16.73331066,0.2543669143,0.249885223
16.76666667,0.2604455752,0.2356264881
16.8,0.2730919057,0.2396186097
16.83331066,0.2942358496,0.2457675878
16.86666667,0.2942358496,0.2305664141
16.9,0.2923884779,0.2146473425
16.93331066,0.301400598,0.2088758933
16.96666667,0.3101079278,0.2108596004
17,0.3154480353,0.2186386735
17.03331066,0.3126698867,0.2199601236
17.06666667,0.3113477942,0.2236115797
17.1,0.3113477942,0.2255708759
17.13331066,0.3117216664,0.2139457514
17.16666667,0.2935698819,0.214574554
17.2,0.294377032,0.2149510413
17.23331066,0.3023186759,0.2149510413
17.26666667,0.3027202646,0.2326445512
17.3,0.3101563844,0.2249698736
17.33331066,0.309736422,0.2153416344
17.36666667,0.309736422,0.2223177742
17.4,0.309736422,0.2223177742
17.43331066,0.3114994992,0.2299772533
17.46666667,0.3114994992,0.234622947
17.5,0.3106160736,0.217522479
17.53331066,0.3088894458,0.2263520486
17.56666667,0.3088894458,0.2271684995
17.6,0.3016583661,0.2259602635
17.63331066,0.3056183377,0.2255582466
17.66666667,0.3056183377,0.2310140336
17.7,0.3056183377,0.2310140336
17.73331066,0.309774957,0.2284088213
17.76666667,0.309774957,0.2284088213
17.8,0.3038242735,0.2267284366
17.83331066,0.3038242735,0.2267284366
17.86666667,0.3038242735,0.2267284366
17.9,0.3038242735,0.2267284366
17.93331066,0.29084616,0.2328212717
18,0.3252802439,0.2592148158
18.03331066,0.3471766856,0.2486093986
18.06666667,0.3300490539,0.2475787771
18.1,0.326170721,0.254142271
18.13331066,0.3207966726,0.2602469273
18.16666667,0.3207966726,0.2606330503
18.2,0.3292046599,0.2579261169
18.23331066,0.3242704869,0.2486226104
18.26666667,0.3147278017,0.2395160892
18.3,0.3035978802,0.2451000209
18.33331066,0.3084275219,0.2490124088
18.36666667,0.3112608402,0.2450409153
18.4,0.3153640767,0.252669898
18.43331066,0.3145412345,0.2353975769
18.46666667,0.3122120001,0.2221009215
18.5,0.2958151933,0.2195199475
18.53331066,0.2958041691,0.2290547105
18.56666667,0.2889267577,0.236797136
18.6,0.2975147573,0.2421089837
18.63331066,0.2883784776,0.2284454767
18.66666667,0.2880751136,0.2242511703
18.7,0.290942597,0.2226071429
18.73331066,0.2947239467,0.2365097541
18.76666667,0.3000634328,0.2336627555
18.8,0.2861403667,0.2289839826
18.83331066,0.2925276483,0.2314963148
18.86666667,0.2900355835,0.2347442375
18.9,0.3005708438,0.2457530623
18.93331066,0.3039691772,0.2549368677
18.96666667,0.311313081,0.2622740976
19,0.311313081,0.2679515054
19.03331066,0.3165780793,0.2594623637
19.06666667,0.3100282157,0.2456818377
19.1,0.2870146552,0.2482326133
19.13331066,0.2784967238,0.2484376449
19.16666667,0.2836494441,0.2474711952
19.2,0.2808429911,0.2416614704
19.23331066,0.2816389184,0.2471315619
19.26666667,0.2816389184,0.2553528911
19.3,0.2950920159,0.2549328943
19.33331066,0.2989170154,0.2454794882
19.36666667,0.29308005,0.2508295806
19.4,0.299445879,0.2458121678
19.43331066,0.2818115315,0.2458121678
19.46666667,0.2640857129,0.2529442668
19.5,0.2632456888,0.2631591903
19.53331066,0.270524242,0.2612267875
19.56666667,0.2826683898,0.2637543183
19.6,0.2942928111,0.2572382081
19.63331066,0.3046731368,0.2584018418
19.66666667,0.2885541696,0.2518714271
19.7,0.2905735843,0.2598092485
19.73331066,0.2918786606,0.2689487496
19.76666667,0.2987284123,0.2737116609
19.8,0.2949987571,0.2796295637
19.83331066,0.2844170164,0.2781996075
19.86666667,0.2727479023,0.2751604912
19.9,0.2630511763,0.2824702046
19.93331066,0.2713765318,0.2900312407
19.96666667,0.2852457183,0.293818762
20,0.3008863743,0.2947491524
20.03331066,0.3006009866,0.2897892558
20.06666667,0.2861898266,0.2968799312
20.1,0.2870234944,0.3069174388
20.13331066,0.296305075,0.3043078557
20.16666667,0.2932080201,0.2927749288
20.2,0.2702754527,0.2875332131
20.23331066,0.2726024524,0.2933378716
20.26666667,0.2756324186,0.3011928459
20.3,0.2644466312,0.2956178545
20.33331066,0.2729974365,0.3026870731
20.36666667,0.2726609502,0.3033105122
20.4,0.2862130668,0.3014839033
20.43331066,0.2936153692,0.2980758494
20.46666667,0.2748854547,0.3029989913
20.5,0.2749852187,0.3216351101
20.53331066,0.2919379033,0.3346407081
20.56666667,0.3102528213,0.3312233164
20.6,0.2960066271,0.3246675708
20.63331066,0.300512942,0.3186600661
20.66666667,0.2885746289,0.3139185122
20.7,0.2746786268,0.3122822331
20.73331066,0.2803767469,0.321047333
20.76666667,0.285881894,0.3180863949
20.8,0.302158974,0.3180863949
20.83331066,0.3093540015,0.3185059944
20.86666667,0.3109349808,0.3140634449
20.9,0.3129183434,0.3076422016
20.93331066,0.2986599828,0.308482394
20.96666667,0.289226596,0.3129649763
21,0.2957745726,0.3194065837
21.03331066,0.3118969663,0.3190077456
21.06666667,0.3220804454,0.3146234076
21.1,0.3288870438,0.3125969327
21.13331066,0.3320935958,0.3053022191
21.16666667,0.3320935958,0.3053022191
21.2,0.3320935958,0.3024628695
21.23331066,0.327676269,0.2979873401
21.26666667,0.3243810268,0.2959305674
21.3,0.3199363878,0.3012559249
21.33331066,0.3037853909,0.2891228038
21.36666667,0.2965691095,0.300518149
21.4,0.2910393815,0.3089552381
21.43331066,0.2902687801,0.3116984295
21.46666667,0.2902687801,0.3157092604
21.5,0.2869882368,0.3115533975
21.53331066,0.2940195898,0.3140754647
21.56666667,0.3029104072,0.3161416744
21.6,0.3010828732,0.3175310017
21.63331066,0.3101020083,0.3139261612
21.66666667,0.3085256472,0.3080064704
21.7,0.3101399474,0.3060622465
21.73331066,0.3085526118,0.306895684
21.76666667,0.3085526118,0.306895684
21.8,0.3077067777,0.3159673379
21.83331066,0.3132114281,0.3181271231
21.86666667,0.3104655585,0.3173539832
21.9,0.3113144715,0.3120147185
21.93331066,0.3113144715,0.3120147185
21.96666667,0.3113144715,0.3120147185
22,0.3113144715,0.3120147185
22.03331066,0.3113144715,0.3160016092
22.06666667,0.3158560439,0.3181976524
22.1,0.3032144168,0.3087217962
22.13331066,0.2934713594,0.3048957321
22.16666667,0.2884182045,0.3080722315
22.2,0.2860383184,0.3076816384
22.23331066,0.2940460081,0.3130921277
22.26666667,0.3023817919,0.3130921277
22.3,0.3043934598,0.3043065643
22.33331066,0.3106243169,0.2947279937
22.36666667,0.3142472062,0.2907226263
22.4,0.3186890643,0.2891233999
22.43331066,0.3186890643,0.2871732158
22.46666667,0.3139750277,0.2840527425
22.5,0.3130508324,0.2873165591
22.53331066,0.3130508324,0.2901683258
22.56666667,0.3142071317,0.2901683258
22.6,0.3110596238,0.2901683258
22.63331066,0.3097094078,0.2985469055
22.66666667,0.3106352418,0.2893744245
22.7,0.3110999465,0.2784938437
22.73331066,0.3115199585,0.2744337416
22.76666667,0.3103308349,0.2654982787
22.8,0.2977676186,0.2734852719
22.83331066,0.2958300413,0.2787768548
22.86666667,0.2925208947,0.2861061377
22.9,0.2917555074,0.2881123478
22.93331066,0.2917555074,0.2785150025
22.96666667,0.2917555074,0.2741249029
23,0.2862506087,0.2809296864
23.03331066,0.281387944,0.2752539673
23.06666667,0.2736286464,0.2822291137
23.1,0.2692941997,0.2920921856
23.13331066,0.2662705898,0.3050348039
23.16666667,0.2766129764,0.3100787396
23.2,0.2772048566,0.3039500438
23.23331066,0.2784877853,0.3028124364
23.26666667,0.2828604194,0.3014980092
23.3,0.2912371218,0.2994630906
23.33331066,0.302317931,0.3088831195
23.36666667,0.3098757639,0.3139764257
23.4,0.3098757639,0.3143521182
23.43331066,0.3110696548,0.317512227
23.46666667,0.3141234074,0.326359578
23.5,0.3050293872,0.3242286999
23.53331066,0.2859575736,0.3175666637
23.56666667,0.2839311571,0.3283181064
23.6,0.2881767646,0.3270127188
23.66666667,0.2748076894,0.3324883732
23.73331066,0.2755275894,0.3349455733
23.76666667,0.2734826006,0.3299733589
23.8,0.2713447006,0.3364094034
23.83331066,0.2696899784,0.3437059051
23.86666667,0.2714602064,0.3532013307
23.9,0.2707598719,0.3381417414
23.93331066,0.2609021031,0.3358409971
23.96666667,0.2579852592,0.3353267294
24,0.2612974349,0.3408225492
24.03331066,0.2662498326,0.3415782058
24.06666667,0.2637256884,0.3343059424
24.1,0.2637256884,0.3412756253
24.13331066,0.2724850596,0.336415165
24.16666667,0.2724850596,0.333313963
24.2,0.2795469526,0.3327902583
24.23331066,0.2858330796,0.3266622579
24.26666667,0.289759184,0.332339169
24.3,0.2873621657,0.3217782547
24.33331066,0.2813222954,0.323364766
24.36666667,0.2853515406,0.3254822336
24.4,0.2849672331,0.3301546489
24.43331066,0.284590424,0.3301546489
24.46666667,0.2830057203,0.3248642581
24.5,0.2993561957,0.327712548
24.53331066,0.3087076955,0.3286429384
24.56666667,0.3037485939,0.3290630346
24.6,0.2949103649,0.3249882307
24.63331066,0.2917839618,0.3218223603
24.66666667,0.3079645056,0.3289333998
24.7,0.3138281873,0.3309710998
24.73331066,0.3003241402,0.3296086928
24.76666667,0.301915945,0.3280609229
24.8,0.304266036,0.3272643394
24.83331066,0.2964625919,0.3317419549
24.86666667,0.2922851159,0.3321616538
24.9,0.2874389379,0.3330920442
24.93331066,0.2953107121,0.3322519511
24.96666667,0.3022100726,0.3318512256
25,0.3058137937,0.3310740129
25.03331066,0.3025152741,0.3311679857
25.06666667,0.309628663,0.3413694987
25.1,0.3044008093,0.335929109
25.13331066,0.3031773716,0.3449857631
25.16666667,0.3015406754,0.3481489513
25.2,0.2904656266,0.3428147528
25.23331066,0.3003742953,0.3440322271
25.26666667,0.3035219522,0.3456285728
25.3,0.3079663926,0.3456285728
25.33331066,0.3038102201,0.3375454214
25.36666667,0.2941119547,0.3414280082
25.4,0.2754856279,0.3469113115
25.43331066,0.2644039745,0.3489503029
25.46666667,0.2801045684,0.3452040065
25.5,0.2839448629,0.3403826849
25.53331066,0.2945561008,0.3407643377
25.56666667,0.3011971375,0.3467832661
25.6,0.3076328858,0.3416875758
25.63331066,0.2905255148,0.3500189704
25.66666667,0.3054717953,0.3587042034
25.7,0.3154148277,0.361561235
25.73331066,0.3140863125,0.3502049293
25.76666667,0.3265385915,0.3542445679
25.8,0.3085503772,0.3534339779
25.83331066,0.2977612623,0.3553672747
25.86666667,0.3061247556,0.3661862666
25.9,0.3069209808,0.3556675705
25.93331066,0.2856313666,0.3652166381
25.96666667,0.3030092774,0.3652166381
26,0.3140381437,0.3613913687
26.03331066,0.2902826348,0.35687978
26.06666667,0.299331863,0.3592634707
26.1,0.2956270371,0.3600677031
26.13331066,0.3031070054,0.3686839962
26.16666667,0.3121210257,0.3686839962
26.2,0.291966308,0.3595537334
26.23331066,0.3051072518,0.3645349875
26.26666667,0.2919715718,0.3696064396
26.3,0.2915867677,0.376968305
26.33331066,0.3105842921,0.3818586658
26.36666667,0.3212242327,0.3826988582
26.4,0.2956263419,0.3736460783
26.43331066,0.297641039,0.3820230685
26.46666667,0.2989886231,0.3866096567
26.5,0.3141458531,0.3938681123
26.53331066,0.3249880529,0.3938681123
26.56666667,0.3277199685,0.3955987616
26.6,0.3180459861,0.3952002215
26.63331066,0.3164833308,0.3971860676
26.66666667,0.3198439236,0.4001655817
26.7,0.324065397,0.4070228151
26.73331066,0.327427281,0.4139314058
26.76666667,0.3266600564,0.4200020888
26.8,0.3283223267,0.4256768145
26.83331066,0.3287114511,0.4232669981
26.86666667,0.3327506777,0.4286953681
26.9,0.3240855584,0.4335780799
26.93331066,0.3375008161,0.4421201682
26.96666667,0.3386942104,0.4409394486
27,0.3493368325,0.4496846811
27.03331066,0.3691462246,0.4451472648
27.06666667,0.3552418302,0.4451472648
27.1,0.3487275221,0.4483776048
27.13331066,0.3081862807,0.4483776048
27.16666667,0.3238730198,0.4574702189
27.2,0.3378643167,0.4642061618
27.23331066,0.3351124384,0.4605431098
27.26666667,0.332732304,0.4605431098
27.3,0.3329728501,0.4729228846
27.33331066,0.3329728501,0.4712767711
27.36666667,0.3276514397,0.478002085
27.4,0.3288421524,0.482935558
27.43331066,0.3133449103,0.48618358
27.46666667,0.3126024157,0.4961369989
27.5,0.3365717046,0.5026697977
27.53331066,0.3467471391,0.4933051989
27.56666667,0.3350186831,0.4919146298
27.6,0.3347484412,0.5013063973
27.63331066,0.330499159,0.5018998365
27.66666667,0.3340459714,0.5084988434
27.7,0.3412521224,0.50727074
27.73331066,0.3407719242,0.5073578586
27.76666667,0.3383577241,0.5142818961
27.8,0.3422593965,0.5015391935
27.83331066,0.3328271519,0.5174444884
27.86666667,0.3409479141,0.5171363946
27.9,0.3320868422,0.5142413666
27.93331066,0.3321892381,0.5132019539
27.96666667,0.3306322439,0.5195293237
28,0.3340637491,0.5200329127
28.03331066,0.3288566527,0.5218806306
28.06666667,0.3308780537,0.5238522715
28.1,0.3197426201,0.5238522715
28.13331066,0.3273385908,0.5263859115
28.16666667,0.3322606471,0.5340457382
28.2,0.345749896,0.5340457382
28.23331066,0.34448986,0.5248920816
28.26666667,0.34448986,0.5329837263
28.3,0.3414992234,0.530603115
28.33331066,0.3429193586,0.5317518481
28.36666667,0.3430362548,0.5357868179
28.4,0.3185581644,0.5377663064
28.43331066,0.3358855227,0.5476368782
28.46666667,0.3292772607,0.5411515625
28.5,0.3317869045,0.5495058543
28.53331066,0.3381456821,0.5495058543
28.56666667,0.3446004992,0.5503473877
28.6,0.348697727,0.5628117977
28.63331066,0.348697727,0.5813567747
28.66666667,0.3291988995,0.6251803373
28.7,0.3613887644,0.7127424797
28.73331066,0.4161613521,0.5828226412
28.76666667,0.4204857181,0.4460541123
28.8,0.3933115656,0.3128541162
28.83331066,0.3846891526,0.1806579206
28.86666667,0.3776895812,0.03875600291
