rouge1_prec,rouge1_recc,rouge1_fm,rougel_prec,rougel_recc,rougel_fm
0.3333333333333333,0.24,0.27906976744186046,0.2222222222222222,0.16,0.18604651162790697
0.6111111111111112,0.55,0.5789473684210527,0.6111111111111112,0.55,0.5789473684210527
0.5714285714285714,0.6666666666666666,0.6153846153846153,0.5714285714285714,0.6666666666666666,0.6153846153846153
0.7272727272727273,0.4444444444444444,0.5517241379310345,0.6363636363636364,0.3888888888888889,0.4827586206896552
0.7,0.4375,0.5384615384615384,0.6,0.375,0.4615384615384615
1.0,0.2777777777777778,0.4347826086956522,0.9,0.25,0.391304347826087
0.6,0.3157894736842105,0.41379310344827586,0.5,0.2631578947368421,0.3448275862068966
0.3181818181818182,0.5833333333333334,0.4117647058823529,0.3181818181818182,0.5833333333333334,0.4117647058823529
0.3,0.5454545454545454,0.3870967741935483,0.3,0.5454545454545454,0.3870967741935483
1.0,0.5555555555555556,0.7142857142857143,1.0,0.5555555555555556,0.7142857142857143
0.7777777777777778,0.25,0.3783783783783784,0.7777777777777778,0.25,0.3783783783783784
0.875,0.8235294117647058,0.8484848484848485,0.875,0.8235294117647058,0.8484848484848485
0.7222222222222222,0.8666666666666667,0.7878787878787877,0.7222222222222222,0.8666666666666667,0.7878787878787877
0.7857142857142857,0.6470588235294118,0.7096774193548386,0.7142857142857143,0.5882352941176471,0.6451612903225806
0.6153846153846154,0.4,0.4848484848484849,0.6153846153846154,0.4,0.4848484848484849
0.5789473684210527,0.28205128205128205,0.37931034482758624,0.47368421052631576,0.23076923076923078,0.3103448275862069
0.7272727272727273,0.22857142857142856,0.34782608695652173,0.5454545454545454,0.17142857142857143,0.26086956521739124
0.6875,0.7857142857142857,0.7333333333333334,0.6875,0.7857142857142857,0.7333333333333334
1.0,0.7,0.8235294117647058,1.0,0.7,0.8235294117647058
0.5714285714285714,0.5,0.5333333333333333,0.5714285714285714,0.5,0.5333333333333333
0.5555555555555556,0.5263157894736842,0.5405405405405405,0.5,0.47368421052631576,0.4864864864864865
0.8,0.8,0.8000000000000002,0.8,0.8,0.8000000000000002
0.47619047619047616,0.2222222222222222,0.30303030303030304,0.3333333333333333,0.15555555555555556,0.21212121212121213
0.5909090909090909,0.65,0.6190476190476191,0.4090909090909091,0.45,0.4285714285714286
0.75,0.8823529411764706,0.8108108108108107,0.75,0.8823529411764706,0.8108108108108107
0.5151515151515151,0.4722222222222222,0.49275362318840576,0.36363636363636365,0.3333333333333333,0.34782608695652173
0.5,0.48148148148148145,0.49056603773584906,0.38461538461538464,0.37037037037037035,0.3773584905660377
0.8461538461538461,0.7857142857142857,0.8148148148148148,0.8461538461538461,0.7857142857142857,0.8148148148148148
0.7142857142857143,0.45454545454545453,0.5555555555555556,0.7142857142857143,0.45454545454545453,0.5555555555555556
0.8823529411764706,0.75,0.8108108108108107,0.8823529411764706,0.75,0.8108108108108107
0.5,0.8181818181818182,0.6206896551724137,0.5,0.8181818181818182,0.6206896551724137
0.6875,0.5,0.5789473684210527,0.6875,0.5,0.5789473684210527
0.7777777777777778,0.5,0.6086956521739131,0.7777777777777778,0.5,0.6086956521739131
0.47619047619047616,0.5,0.4878048780487805,0.47619047619047616,0.5,0.4878048780487805
0.8181818181818182,0.23684210526315788,0.3673469387755102,0.8181818181818182,0.23684210526315788,0.3673469387755102
0.9166666666666666,0.9166666666666666,0.9166666666666666,0.9166666666666666,0.9166666666666666,0.9166666666666666
0.9444444444444444,0.34,0.5,0.8888888888888888,0.32,0.47058823529411764
0.3076923076923077,0.4444444444444444,0.3636363636363637,0.3076923076923077,0.4444444444444444,0.3636363636363637
0.5,0.5,0.5,0.5,0.5,0.5
0.8888888888888888,0.24242424242424243,0.38095238095238093,0.7777777777777778,0.21212121212121213,0.3333333333333333
0.8,0.631578947368421,0.7058823529411765,0.8,0.631578947368421,0.7058823529411765
0.34782608695652173,0.47058823529411764,0.39999999999999997,0.34782608695652173,0.47058823529411764,0.39999999999999997
0.5625,0.9,0.6923076923076923,0.5625,0.9,0.6923076923076923
1.0,0.6923076923076923,0.8181818181818181,0.8888888888888888,0.6153846153846154,0.7272727272727274
0.4375,0.28,0.34146341463414637,0.3125,0.2,0.24390243902439027
0.75,0.7058823529411765,0.7272727272727272,0.75,0.7058823529411765,0.7272727272727272
0.5714285714285714,0.2962962962962963,0.3902439024390244,0.42857142857142855,0.2222222222222222,0.29268292682926833
0.8,0.4444444444444444,0.5714285714285714,0.6,0.3333333333333333,0.42857142857142855
0.4,0.13333333333333333,0.2,0.4,0.13333333333333333,0.2
0.6,0.375,0.4615384615384615,0.6,0.375,0.4615384615384615
0.5384615384615384,0.3181818181818182,0.39999999999999997,0.46153846153846156,0.2727272727272727,0.3428571428571428
0.5714285714285714,0.38095238095238093,0.4571428571428571,0.42857142857142855,0.2857142857142857,0.34285714285714286
0.35,0.4375,0.38888888888888884,0.35,0.4375,0.38888888888888884
0.8181818181818182,0.47368421052631576,0.6,0.7272727272727273,0.42105263157894735,0.5333333333333333
0.6428571428571429,0.375,0.4736842105263159,0.6428571428571429,0.375,0.4736842105263159
0.5714285714285714,0.6153846153846154,0.5925925925925927,0.42857142857142855,0.46153846153846156,0.4444444444444445
0.6956521739130435,0.8421052631578947,0.761904761904762,0.6521739130434783,0.7894736842105263,0.7142857142857143
0.625,0.625,0.625,0.625,0.625,0.625
0.7,0.3888888888888889,0.5,0.6,0.3333333333333333,0.42857142857142855
0.8235294117647058,0.5,0.6222222222222222,0.7647058823529411,0.4642857142857143,0.5777777777777777
0.5,0.28125,0.36,0.5,0.28125,0.36
0.38095238095238093,0.6666666666666666,0.4848484848484849,0.38095238095238093,0.6666666666666666,0.4848484848484849
0.6470588235294118,0.44,0.5238095238095238,0.6470588235294118,0.44,0.5238095238095238
0.46153846153846156,0.4,0.42857142857142855,0.3076923076923077,0.26666666666666666,0.28571428571428575
0.47058823529411764,0.2222222222222222,0.3018867924528302,0.4117647058823529,0.19444444444444445,0.2641509433962264
0.35,0.3333333333333333,0.3414634146341463,0.35,0.3333333333333333,0.3414634146341463
0.8461538461538461,0.7857142857142857,0.8148148148148148,0.8461538461538461,0.7857142857142857,0.8148148148148148
0.25,0.17647058823529413,0.20689655172413793,0.25,0.17647058823529413,0.20689655172413793
0.7,0.35,0.4666666666666667,0.7,0.35,0.4666666666666667
0.625,0.35714285714285715,0.45454545454545453,0.625,0.35714285714285715,0.45454545454545453
0.8461538461538461,0.7857142857142857,0.8148148148148148,0.8461538461538461,0.7857142857142857,0.8148148148148148
0.8181818181818182,0.45,0.5806451612903226,0.8181818181818182,0.45,0.5806451612903226
0.5333333333333333,0.6666666666666666,0.5925925925925926,0.5333333333333333,0.6666666666666666,0.5925925925925926
0.625,0.2857142857142857,0.392156862745098,0.5,0.22857142857142856,0.3137254901960784
0.5294117647058824,0.3,0.3829787234042553,0.5294117647058824,0.3,0.3829787234042553
0.875,0.2692307692307692,0.411764705882353,0.875,0.2692307692307692,0.411764705882353
0.7777777777777778,0.875,0.823529411764706,0.7777777777777778,0.875,0.823529411764706
0.6666666666666666,0.32,0.43243243243243246,0.6666666666666666,0.32,0.43243243243243246
0.6363636363636364,0.4666666666666667,0.5384615384615385,0.5454545454545454,0.4,0.4615384615384615
0.3888888888888889,0.5384615384615384,0.45161290322580644,0.3888888888888889,0.5384615384615384,0.45161290322580644
0.75,0.4838709677419355,0.5882352941176471,0.7,0.45161290322580644,0.5490196078431372
0.2727272727272727,0.42857142857142855,0.33333333333333326,0.2727272727272727,0.42857142857142855,0.33333333333333326
0.45454545454545453,0.2,0.2777777777777778,0.4090909090909091,0.18,0.25
0.6923076923076923,0.5294117647058824,0.5999999999999999,0.6923076923076923,0.5294117647058824,0.5999999999999999
0.5789473684210527,0.5238095238095238,0.5500000000000002,0.5789473684210527,0.5238095238095238,0.5500000000000002
0.8421052631578947,0.7272727272727273,0.7804878048780488,0.8421052631578947,0.7272727272727273,0.7804878048780488
0.36,0.4090909090909091,0.3829787234042554,0.32,0.36363636363636365,0.3404255319148936
0.7,0.4666666666666667,0.56,0.7,0.4666666666666667,0.56
0.7894736842105263,0.45454545454545453,0.5769230769230769,0.7368421052631579,0.42424242424242425,0.5384615384615385
0.6470588235294118,0.4583333333333333,0.5365853658536585,0.6470588235294118,0.4583333333333333,0.5365853658536585
0.6875,0.6470588235294118,0.6666666666666667,0.6875,0.6470588235294118,0.6666666666666667
0.5714285714285714,0.7058823529411765,0.6315789473684211,0.5238095238095238,0.6470588235294118,0.5789473684210527
0.8461538461538461,0.4230769230769231,0.5641025641025641,0.8461538461538461,0.4230769230769231,0.5641025641025641
0.23076923076923078,0.11538461538461539,0.15384615384615388,0.15384615384615385,0.07692307692307693,0.10256410256410257
0.75,0.5454545454545454,0.631578947368421,0.625,0.45454545454545453,0.5263157894736842
0.7777777777777778,0.4117647058823529,0.5384615384615384,0.7777777777777778,0.4117647058823529,0.5384615384615384
0.9411764705882353,0.64,0.7619047619047621,0.9411764705882353,0.64,0.7619047619047621
0.9166666666666666,0.44,0.5945945945945945,0.9166666666666666,0.44,0.5945945945945945
0.7692307692307693,0.4166666666666667,0.5405405405405406,0.7692307692307693,0.4166666666666667,0.5405405405405406
0.8461538461538461,0.7857142857142857,0.8148148148148148,0.8461538461538461,0.7857142857142857,0.8148148148148148
0.7692307692307693,0.3448275862068966,0.47619047619047616,0.7692307692307693,0.3448275862068966,0.47619047619047616
1.0,0.8125,0.896551724137931,1.0,0.8125,0.896551724137931
0.875,0.3181818181818182,0.4666666666666667,0.875,0.3181818181818182,0.4666666666666667
0.3076923076923077,0.21052631578947367,0.25,0.23076923076923078,0.15789473684210525,0.18749999999999997
0.7272727272727273,0.38095238095238093,0.5,0.6363636363636364,0.3333333333333333,0.43749999999999994
0.8461538461538461,0.7857142857142857,0.8148148148148148,0.8461538461538461,0.7857142857142857,0.8148148148148148
0.5217391304347826,0.2608695652173913,0.3478260869565218,0.43478260869565216,0.21739130434782608,0.2898550724637681
0.4444444444444444,0.631578947368421,0.5217391304347826,0.37037037037037035,0.5263157894736842,0.43478260869565216
0.5333333333333333,0.4,0.4571428571428572,0.3333333333333333,0.25,0.28571428571428575
0.8461538461538461,0.7857142857142857,0.8148148148148148,0.8461538461538461,0.7857142857142857,0.8148148148148148
0.6666666666666666,0.1951219512195122,0.3018867924528301,0.5833333333333334,0.17073170731707318,0.2641509433962264
0.7647058823529411,0.65,0.7027027027027027,0.7647058823529411,0.65,0.7027027027027027
0.6153846153846154,0.4,0.4848484848484849,0.6153846153846154,0.4,0.4848484848484849
0.6190476190476191,0.7647058823529411,0.6842105263157895,0.6190476190476191,0.7647058823529411,0.6842105263157895
0.6190476190476191,0.28888888888888886,0.3939393939393939,0.5238095238095238,0.24444444444444444,0.3333333333333333
0.7692307692307693,0.7142857142857143,0.7407407407407408,0.7692307692307693,0.7142857142857143,0.7407407407407408
1.0,0.8888888888888888,0.9411764705882353,1.0,0.8888888888888888,0.9411764705882353
0.7272727272727273,0.8,0.761904761904762,0.7272727272727273,0.8,0.761904761904762
0.8888888888888888,0.7272727272727273,0.7999999999999999,0.8888888888888888,0.7272727272727273,0.7999999999999999
0.5238095238095238,0.4074074074074074,0.4583333333333333,0.47619047619047616,0.37037037037037035,0.4166666666666667
0.7,0.6363636363636364,0.6666666666666666,0.5,0.45454545454545453,0.47619047619047616
0.7777777777777778,0.3181818181818182,0.45161290322580644,0.7777777777777778,0.3181818181818182,0.45161290322580644
0.5833333333333334,0.4375,0.5,0.5833333333333334,0.4375,0.5
0.5,0.7272727272727273,0.5925925925925926,0.5,0.7272727272727273,0.5925925925925926
0.7777777777777778,0.28,0.4117647058823529,0.7777777777777778,0.28,0.4117647058823529
0.48,0.41379310344827586,0.4444444444444445,0.4,0.3448275862068966,0.3703703703703704
0.7777777777777778,0.5,0.6086956521739131,0.7777777777777778,0.5,0.6086956521739131
0.9,0.4090909090909091,0.5625000000000001,0.9,0.4090909090909091,0.5625000000000001
0.8,0.5333333333333333,0.64,0.8,0.5333333333333333,0.64
0.5454545454545454,0.25,0.34285714285714286,0.5454545454545454,0.25,0.34285714285714286
0.8333333333333334,0.75,0.7894736842105262,0.8333333333333334,0.75,0.7894736842105262
0.30434782608695654,0.4375,0.358974358974359,0.2608695652173913,0.375,0.30769230769230765
0.7857142857142857,0.6875,0.7333333333333334,0.7857142857142857,0.6875,0.7333333333333334
0.5384615384615384,0.8235294117647058,0.6511627906976744,0.46153846153846156,0.7058823529411765,0.558139534883721
0.8333333333333334,0.5555555555555556,0.6666666666666667,0.6666666666666666,0.4444444444444444,0.5333333333333333
0.7368421052631579,0.5185185185185185,0.6086956521739131,0.7368421052631579,0.5185185185185185,0.6086956521739131
0.38461538461538464,0.45454545454545453,0.41666666666666663,0.38461538461538464,0.45454545454545453,0.41666666666666663
0.5833333333333334,0.3888888888888889,0.4666666666666666,0.5,0.3333333333333333,0.4
0.7,0.6363636363636364,0.6666666666666666,0.6,0.5454545454545454,0.5714285714285713
0.6666666666666666,0.1875,0.29268292682926833,0.6666666666666666,0.1875,0.29268292682926833
0.9090909090909091,0.45454545454545453,0.6060606060606061,0.8181818181818182,0.4090909090909091,0.5454545454545455
0.8235294117647058,0.56,0.6666666666666666,0.8235294117647058,0.56,0.6666666666666666
0.4666666666666667,0.42424242424242425,0.4444444444444445,0.4666666666666667,0.42424242424242425,0.4444444444444445
0.4,0.26666666666666666,0.32,0.2,0.13333333333333333,0.16
0.4,0.36363636363636365,0.380952380952381,0.4,0.36363636363636365,0.380952380952381
0.6875,0.5238095238095238,0.5945945945945946,0.625,0.47619047619047616,0.5405405405405405
0.5238095238095238,0.23404255319148937,0.3235294117647059,0.47619047619047616,0.2127659574468085,0.29411764705882354
0.5625,0.47368421052631576,0.5142857142857142,0.5,0.42105263157894735,0.45714285714285713
0.4166666666666667,0.2,0.2702702702702703,0.4166666666666667,0.2,0.2702702702702703
0.7058823529411765,0.4,0.5106382978723405,0.6470588235294118,0.36666666666666664,0.46808510638297873
0.4117647058823529,0.2413793103448276,0.3043478260869565,0.4117647058823529,0.2413793103448276,0.3043478260869565
0.5625,0.3333333333333333,0.4186046511627907,0.5625,0.3333333333333333,0.4186046511627907
0.6,0.2222222222222222,0.32432432432432434,0.5,0.18518518518518517,0.2702702702702703
0.5555555555555556,0.45454545454545453,0.5,0.3333333333333333,0.2727272727272727,0.3
0.75,0.8,0.7741935483870969,0.75,0.8,0.7741935483870969
0.6,0.2857142857142857,0.3870967741935483,0.6,0.2857142857142857,0.3870967741935483
0.5384615384615384,0.20588235294117646,0.2978723404255319,0.46153846153846156,0.17647058823529413,0.25531914893617025
0.9090909090909091,0.5,0.6451612903225806,0.9090909090909091,0.5,0.6451612903225806
0.5333333333333333,0.37209302325581395,0.4383561643835616,0.5333333333333333,0.37209302325581395,0.4383561643835616
0.35714285714285715,0.45454545454545453,0.4,0.21428571428571427,0.2727272727272727,0.23999999999999996
0.8,0.8,0.8000000000000002,0.7,0.7,0.7
0.7222222222222222,0.7222222222222222,0.7222222222222222,0.6111111111111112,0.6111111111111112,0.6111111111111112
0.68,0.85,0.7555555555555556,0.64,0.8,0.7111111111111111
0.8421052631578947,0.8888888888888888,0.8648648648648649,0.7894736842105263,0.8333333333333334,0.8108108108108109
0.4666666666666667,0.3684210526315789,0.4117647058823529,0.3333333333333333,0.2631578947368421,0.29411764705882354
0.3333333333333333,0.45454545454545453,0.3846153846153846,0.26666666666666666,0.36363636363636365,0.30769230769230765
0.8571428571428571,0.75,0.7999999999999999,0.7857142857142857,0.6875,0.7333333333333334
0.625,0.9090909090909091,0.7407407407407406,0.625,0.9090909090909091,0.7407407407407406
0.3333333333333333,0.19047619047619047,0.24242424242424246,0.3333333333333333,0.19047619047619047,0.24242424242424246
0.8888888888888888,0.5333333333333333,0.6666666666666667,0.7777777777777778,0.4666666666666667,0.5833333333333334
0.75,0.5,0.6,0.6666666666666666,0.4444444444444444,0.5333333333333333
0.3333333333333333,0.3333333333333333,0.3333333333333333,0.3333333333333333,0.3333333333333333,0.3333333333333333
0.4,0.6153846153846154,0.4848484848484849,0.35,0.5384615384615384,0.4242424242424242
0.5333333333333333,0.6153846153846154,0.5714285714285715,0.4666666666666667,0.5384615384615384,0.5
0.36363636363636365,0.3333333333333333,0.34782608695652173,0.36363636363636365,0.3333333333333333,0.34782608695652173
0.38461538461538464,0.7692307692307693,0.5128205128205128,0.3076923076923077,0.6153846153846154,0.4102564102564103
0.5384615384615384,0.7,0.608695652173913,0.5384615384615384,0.7,0.608695652173913
0.391304347826087,0.8181818181818182,0.5294117647058824,0.34782608695652173,0.7272727272727273,0.4705882352941176
0.3888888888888889,0.25925925925925924,0.3111111111111111,0.3333333333333333,0.2222222222222222,0.26666666666666666
0.8421052631578947,0.3404255319148936,0.48484848484848486,0.8421052631578947,0.3404255319148936,0.48484848484848486
0.3125,0.45454545454545453,0.3703703703703703,0.3125,0.45454545454545453,0.3703703703703703
0.8181818181818182,0.34615384615384615,0.4864864864864865,0.8181818181818182,0.34615384615384615,0.4864864864864865
0.2916666666666667,0.35,0.31818181818181823,0.25,0.3,0.2727272727272727
0.25,0.25,0.25,0.25,0.25,0.25
0.9090909090909091,0.2127659574468085,0.3448275862068965,0.9090909090909091,0.2127659574468085,0.3448275862068965
0.4,0.6153846153846154,0.4848484848484849,0.4,0.6153846153846154,0.4848484848484849
0.5454545454545454,0.375,0.4444444444444444,0.5,0.34375,0.4074074074074074
0.7142857142857143,0.2857142857142857,0.40816326530612246,0.5714285714285714,0.22857142857142856,0.32653061224489793
1.0,0.4444444444444444,0.6153846153846153,1.0,0.4444444444444444,0.6153846153846153
0.5,0.38095238095238093,0.4324324324324324,0.5,0.38095238095238093,0.4324324324324324
0.16666666666666666,0.2857142857142857,0.2105263157894737,0.16666666666666666,0.2857142857142857,0.2105263157894737
0.9090909090909091,0.8333333333333334,0.8695652173913043,0.9090909090909091,0.8333333333333334,0.8695652173913043
0.8333333333333334,0.6666666666666666,0.7407407407407408,0.8333333333333334,0.6666666666666666,0.7407407407407408
0.8125,0.5,0.6190476190476191,0.625,0.38461538461538464,0.4761904761904762
0.375,0.1935483870967742,0.25531914893617014,0.3125,0.16129032258064516,0.2127659574468085
0.47058823529411764,0.34782608695652173,0.39999999999999997,0.47058823529411764,0.34782608695652173,0.39999999999999997
0.25,0.45454545454545453,0.3225806451612903,0.25,0.45454545454545453,0.3225806451612903
0.8181818181818182,0.3333333333333333,0.4736842105263157,0.8181818181818182,0.3333333333333333,0.4736842105263157
0.47368421052631576,0.2727272727272727,0.34615384615384615,0.3684210526315789,0.21212121212121213,0.2692307692307693
0.5,0.5,0.5,0.4444444444444444,0.4444444444444444,0.4444444444444444
0.7,0.2413793103448276,0.358974358974359,0.7,0.2413793103448276,0.358974358974359
0.3333333333333333,0.45454545454545453,0.3846153846153846,0.26666666666666666,0.36363636363636365,0.30769230769230765
0.47619047619047616,0.2857142857142857,0.3571428571428571,0.47619047619047616,0.2857142857142857,0.3571428571428571
0.5652173913043478,0.43333333333333335,0.49056603773584906,0.43478260869565216,0.3333333333333333,0.3773584905660377
0.7222222222222222,0.6190476190476191,0.6666666666666666,0.7222222222222222,0.6190476190476191,0.6666666666666666
0.7368421052631579,0.4827586206896552,0.5833333333333334,0.5263157894736842,0.3448275862068966,0.4166666666666667
0.25,0.3333333333333333,0.28571428571428575,0.25,0.3333333333333333,0.28571428571428575
0.6666666666666666,0.06451612903225806,0.1176470588235294,0.6666666666666666,0.06451612903225806,0.1176470588235294
0.9090909090909091,0.625,0.7407407407407406,0.9090909090909091,0.625,0.7407407407407406
0.7,0.35,0.4666666666666667,0.4,0.2,0.26666666666666666
0.9090909090909091,0.8333333333333334,0.8695652173913043,0.9090909090909091,0.8333333333333334,0.8695652173913043
0.75,0.42857142857142855,0.5454545454545454,0.75,0.42857142857142855,0.5454545454545454
0.7777777777777778,0.5,0.6086956521739131,0.7777777777777778,0.5,0.6086956521739131
0.9,0.6666666666666666,0.7659574468085106,0.9,0.6666666666666666,0.7659574468085106
0.9333333333333333,1.0,0.9655172413793104,0.9333333333333333,1.0,0.9655172413793104
0.6470588235294118,0.5238095238095238,0.5789473684210527,0.5294117647058824,0.42857142857142855,0.4736842105263158
0.3333333333333333,0.3125,0.3225806451612903,0.3333333333333333,0.3125,0.3225806451612903
0.5294117647058824,0.6428571428571429,0.5806451612903226,0.5294117647058824,0.6428571428571429,0.5806451612903226
0.9411764705882353,0.5714285714285714,0.7111111111111111,0.9411764705882353,0.5714285714285714,0.7111111111111111
0.9285714285714286,0.8125,0.8666666666666666,0.9285714285714286,0.8125,0.8666666666666666
0.4444444444444444,0.14285714285714285,0.21621621621621623,0.2222222222222222,0.07142857142857142,0.10810810810810811
0.26666666666666666,0.36363636363636365,0.30769230769230765,0.13333333333333333,0.18181818181818182,0.15384615384615383
0.9285714285714286,0.6842105263157895,0.7878787878787878,0.9285714285714286,0.6842105263157895,0.7878787878787878
0.4444444444444444,0.47058823529411764,0.45714285714285713,0.4444444444444444,0.47058823529411764,0.45714285714285713
0.3,0.6,0.4,0.3,0.6,0.4
0.7647058823529411,0.7222222222222222,0.7428571428571428,0.7647058823529411,0.7222222222222222,0.7428571428571428
0.8181818181818182,0.42857142857142855,0.5625,0.8181818181818182,0.42857142857142855,0.5625
0.6153846153846154,0.34782608695652173,0.4444444444444444,0.6153846153846154,0.34782608695652173,0.4444444444444444
0.8571428571428571,0.5,0.631578947368421,0.8571428571428571,0.5,0.631578947368421
0.5,0.3076923076923077,0.380952380952381,0.5,0.3076923076923077,0.380952380952381
0.9166666666666666,0.39285714285714285,0.55,0.75,0.32142857142857145,0.45000000000000007
0.42105263157894735,0.23529411764705882,0.3018867924528302,0.3157894736842105,0.17647058823529413,0.22641509433962262
0.7857142857142857,0.4583333333333333,0.5789473684210527,0.6428571428571429,0.375,0.4736842105263159
0.8181818181818182,0.6,0.6923076923076923,0.7272727272727273,0.5333333333333333,0.6153846153846153
0.3888888888888889,0.2916666666666667,0.3333333333333333,0.3888888888888889,0.2916666666666667,0.3333333333333333
1.0,0.8,0.888888888888889,0.875,0.7,0.7777777777777777
0.6153846153846154,0.14814814814814814,0.23880597014925373,0.6153846153846154,0.14814814814814814,0.23880597014925373
0.7272727272727273,0.5333333333333333,0.6153846153846153,0.6363636363636364,0.4666666666666667,0.5384615384615385
0.6,0.34285714285714286,0.43636363636363634,0.5,0.2857142857142857,0.36363636363636365
0.7857142857142857,0.4782608695652174,0.5945945945945946,0.7857142857142857,0.4782608695652174,0.5945945945945946
0.875,0.3111111111111111,0.459016393442623,0.875,0.3111111111111111,0.459016393442623
0.6923076923076923,0.4090909090909091,0.5142857142857142,0.6923076923076923,0.4090909090909091,0.5142857142857142
0.9166666666666666,0.3793103448275862,0.5365853658536586,0.5,0.20689655172413793,0.2926829268292683
0.9,0.36,0.5142857142857143,0.9,0.36,0.5142857142857143
0.6875,0.6470588235294118,0.6666666666666667,0.6875,0.6470588235294118,0.6666666666666667
0.8333333333333334,0.30303030303030304,0.4444444444444444,0.8333333333333334,0.30303030303030304,0.4444444444444444
0.7777777777777778,0.2916666666666667,0.42424242424242425,0.7777777777777778,0.2916666666666667,0.42424242424242425
0.6666666666666666,0.631578947368421,0.6486486486486486,0.6666666666666666,0.631578947368421,0.6486486486486486
0.4,0.5454545454545454,0.4615384615384615,0.4,0.5454545454545454,0.4615384615384615
0.6923076923076923,0.24324324324324326,0.36000000000000004,0.6153846153846154,0.21621621621621623,0.32
0.875,0.3181818181818182,0.4666666666666667,0.875,0.3181818181818182,0.4666666666666667
0.5833333333333334,0.4375,0.5,0.5833333333333334,0.4375,0.5
0.5384615384615384,0.3181818181818182,0.39999999999999997,0.5384615384615384,0.3181818181818182,0.39999999999999997
0.8461538461538461,0.28205128205128205,0.4230769230769231,0.8461538461538461,0.28205128205128205,0.4230769230769231
0.8333333333333334,0.2127659574468085,0.3389830508474576,0.75,0.19148936170212766,0.3050847457627119
1.0,0.3333333333333333,0.5,1.0,0.3333333333333333,0.5
0.4444444444444444,0.3333333333333333,0.380952380952381,0.4444444444444444,0.3333333333333333,0.380952380952381
0.9090909090909091,0.5555555555555556,0.6896551724137931,0.8181818181818182,0.5,0.6206896551724137
0.42857142857142855,0.15,0.2222222222222222,0.42857142857142855,0.15,0.2222222222222222
0.5,0.25,0.3333333333333333,0.42857142857142855,0.21428571428571427,0.2857142857142857
0.5714285714285714,0.2962962962962963,0.3902439024390244,0.5,0.25925925925925924,0.3414634146341463
0.6,0.8823529411764706,0.7142857142857143,0.56,0.8235294117647058,0.6666666666666666
0.9375,0.7894736842105263,0.8571428571428572,0.9375,0.7894736842105263,0.8571428571428572
0.45,0.3,0.36000000000000004,0.45,0.3,0.36000000000000004
0.625,0.3333333333333333,0.43478260869565216,0.5,0.26666666666666666,0.3478260869565218
0.75,0.5454545454545454,0.631578947368421,0.75,0.5454545454545454,0.631578947368421
0.6875,0.5,0.5789473684210527,0.6875,0.5,0.5789473684210527
0.7777777777777778,0.3684210526315789,0.5,0.7777777777777778,0.3684210526315789,0.5
0.5882352941176471,0.5882352941176471,0.5882352941176471,0.5882352941176471,0.5882352941176471,0.5882352941176471
0.8333333333333334,0.5769230769230769,0.6818181818181818,0.8333333333333334,0.5769230769230769,0.6818181818181818
0.7857142857142857,0.8461538461538461,0.8148148148148148,0.7857142857142857,0.8461538461538461,0.8148148148148148
0.7333333333333333,0.6470588235294118,0.6875,0.7333333333333333,0.6470588235294118,0.6875
1.0,0.8571428571428571,0.923076923076923,1.0,0.8571428571428571,0.923076923076923
0.631578947368421,0.5217391304347826,0.5714285714285715,0.631578947368421,0.5217391304347826,0.5714285714285715
0.5454545454545454,0.3157894736842105,0.39999999999999997,0.5454545454545454,0.3157894736842105,0.39999999999999997
0.6875,0.4074074074074074,0.5116279069767441,0.5625,0.3333333333333333,0.4186046511627907
0.625,0.8333333333333334,0.7142857142857143,0.625,0.8333333333333334,0.7142857142857143
0.7142857142857143,0.3333333333333333,0.4545454545454545,0.7142857142857143,0.3333333333333333,0.4545454545454545
0.7333333333333333,0.5238095238095238,0.611111111111111,0.7333333333333333,0.5238095238095238,0.611111111111111
1.0,0.4117647058823529,0.5833333333333334,1.0,0.4117647058823529,0.5833333333333334
0.7,0.28,0.4,0.7,0.28,0.4
0.6,0.3333333333333333,0.42857142857142855,0.6,0.3333333333333333,0.42857142857142855
0.8888888888888888,0.6153846153846154,0.7272727272727274,0.8888888888888888,0.6153846153846154,0.7272727272727274
0.6086956521739131,0.2857142857142857,0.3888888888888889,0.5217391304347826,0.24489795918367346,0.3333333333333333
0.4,1.0,0.5714285714285715,0.4,1.0,0.5714285714285715
0.875,0.9333333333333333,0.9032258064516129,0.8125,0.8666666666666667,0.8387096774193549
0.6153846153846154,0.6153846153846154,0.6153846153846154,0.5384615384615384,0.5384615384615384,0.5384615384615384
0.5882352941176471,0.5555555555555556,0.5714285714285715,0.47058823529411764,0.4444444444444444,0.45714285714285713
0.875,0.5833333333333334,0.7000000000000001,0.8125,0.5416666666666666,0.65
0.7777777777777778,0.30434782608695654,0.43750000000000006,0.7777777777777778,0.30434782608695654,0.43750000000000006
0.7142857142857143,0.5,0.588235294117647,0.5714285714285714,0.4,0.47058823529411764
0.6153846153846154,0.4444444444444444,0.5161290322580646,0.6153846153846154,0.4444444444444444,0.5161290322580646
0.4583333333333333,0.5365853658536586,0.49438202247191015,0.2916666666666667,0.34146341463414637,0.31460674157303375
0.6875,0.7333333333333333,0.7096774193548386,0.6875,0.7333333333333333,0.7096774193548386
0.75,0.6,0.6666666666666665,0.75,0.6,0.6666666666666665
0.6111111111111112,0.7857142857142857,0.6875000000000001,0.6111111111111112,0.7857142857142857,0.6875000000000001
1.0,0.25,0.4,0.3333333333333333,0.08333333333333333,0.13333333333333333
0.8181818181818182,0.4090909090909091,0.5454545454545455,0.8181818181818182,0.4090909090909091,0.5454545454545455
0.7777777777777778,0.6086956521739131,0.6829268292682927,0.7777777777777778,0.6086956521739131,0.6829268292682927
0.4583333333333333,0.6111111111111112,0.5238095238095238,0.4583333333333333,0.6111111111111112,0.5238095238095238
0.4482758620689655,0.3939393939393939,0.41935483870967744,0.41379310344827586,0.36363636363636365,0.3870967741935484
0.7692307692307693,0.7692307692307693,0.7692307692307693,0.7692307692307693,0.7692307692307693,0.7692307692307693
0.2857142857142857,0.4,0.3333333333333333,0.2857142857142857,0.4,0.3333333333333333
0.8,0.36363636363636365,0.5000000000000001,0.75,0.3409090909090909,0.46875
0.7777777777777778,0.4,0.5283018867924528,0.7222222222222222,0.37142857142857144,0.490566037735849
0.8888888888888888,0.8,0.8421052631578948,0.8888888888888888,0.8,0.8421052631578948
0.5882352941176471,0.5,0.5405405405405405,0.5882352941176471,0.5,0.5405405405405405
0.5,0.22580645161290322,0.3111111111111111,0.35714285714285715,0.16129032258064516,0.2222222222222222
0.7142857142857143,0.2,0.3125,0.7142857142857143,0.2,0.3125
0.7857142857142857,0.7333333333333333,0.7586206896551724,0.7857142857142857,0.7333333333333333,0.7586206896551724
0.8,0.5714285714285714,0.6666666666666666,0.8,0.5714285714285714,0.6666666666666666
0.45454545454545453,0.2631578947368421,0.3333333333333333,0.45454545454545453,0.2631578947368421,0.3333333333333333
0.5,0.4166666666666667,0.45454545454545453,0.5,0.4166666666666667,0.45454545454545453
0.5,0.23809523809523808,0.3225806451612903,0.5,0.23809523809523808,0.3225806451612903
0.6153846153846154,0.38095238095238093,0.47058823529411764,0.6153846153846154,0.38095238095238093,0.47058823529411764
0.5,0.38095238095238093,0.4324324324324324,0.4375,0.3333333333333333,0.37837837837837834
1.0,1.0,1.0,1.0,1.0,1.0
0.47368421052631576,0.32142857142857145,0.3829787234042553,0.3684210526315789,0.25,0.2978723404255319
0.0,0.0,0.0,0.0,0.0,0.0
0.45454545454545453,0.4,0.4255319148936171,0.4090909090909091,0.36,0.3829787234042554
0.5789473684210527,0.55,0.5641025641025641,0.47368421052631576,0.45,0.46153846153846156
0.6923076923076923,0.75,0.7199999999999999,0.6923076923076923,0.75,0.7199999999999999
0.8888888888888888,0.5714285714285714,0.6956521739130435,0.8888888888888888,0.5714285714285714,0.6956521739130435
0.6666666666666666,0.5454545454545454,0.6,0.5555555555555556,0.45454545454545453,0.5
0.8571428571428571,0.8571428571428571,0.8571428571428571,0.8571428571428571,0.8571428571428571,0.8571428571428571
0.9090909090909091,0.7142857142857143,0.8,0.9090909090909091,0.7142857142857143,0.8
0.0,0.0,0.0,0.0,0.0,0.0
0.7692307692307693,0.7142857142857143,0.7407407407407408,0.7692307692307693,0.7142857142857143,0.7407407407407408
0.4444444444444444,0.2,0.2758620689655173,0.4444444444444444,0.2,0.2758620689655173
0.7,0.23333333333333334,0.35,0.4,0.13333333333333333,0.2
0.4,0.2608695652173913,0.31578947368421056,0.4,0.2608695652173913,0.31578947368421056
0.625,0.47619047619047616,0.5405405405405405,0.5625,0.42857142857142855,0.4864864864864864
0.8181818181818182,0.5625,0.6666666666666666,0.8181818181818182,0.5625,0.6666666666666666
0.5555555555555556,0.19230769230769232,0.28571428571428575,0.5555555555555556,0.19230769230769232,0.28571428571428575
0.35714285714285715,0.2,0.25641025641025644,0.35714285714285715,0.2,0.25641025641025644
0.9090909090909091,1.0,0.9523809523809523,0.9090909090909091,1.0,0.9523809523809523
0.4444444444444444,0.1509433962264151,0.22535211267605632,0.3888888888888889,0.1320754716981132,0.19718309859154928
0.8888888888888888,0.5714285714285714,0.6956521739130435,0.8888888888888888,0.5714285714285714,0.6956521739130435
0.375,0.375,0.375,0.375,0.375,0.375
0.5909090909090909,0.7647058823529411,0.6666666666666667,0.5909090909090909,0.7647058823529411,0.6666666666666667
0.47058823529411764,0.2962962962962963,0.3636363636363636,0.23529411764705882,0.14814814814814814,0.1818181818181818
0.5,0.3125,0.38461538461538464,0.5,0.3125,0.38461538461538464
0.8888888888888888,0.6666666666666666,0.761904761904762,0.8888888888888888,0.6666666666666666,0.761904761904762
1.0,0.32142857142857145,0.4864864864864865,1.0,0.32142857142857145,0.4864864864864865
0.4782608695652174,0.4583333333333333,0.4680851063829787,0.43478260869565216,0.4166666666666667,0.425531914893617
0.625,0.5263157894736842,0.5714285714285714,0.625,0.5263157894736842,0.5714285714285714
0.9285714285714286,0.5,0.65,0.9285714285714286,0.5,0.65
0.0,0.0,0.0,0.0,0.0,0.0
1.0,0.4,0.5714285714285715,1.0,0.4,0.5714285714285715
0.6,0.75,0.6666666666666665,0.5333333333333333,0.6666666666666666,0.5925925925925926
0.8125,0.5652173913043478,0.6666666666666667,0.8125,0.5652173913043478,0.6666666666666667
0.37037037037037035,0.4,0.3846153846153846,0.25925925925925924,0.28,0.2692307692307692
0.6111111111111112,0.6470588235294118,0.6285714285714287,0.3888888888888889,0.4117647058823529,0.39999999999999997
0.7142857142857143,0.37037037037037035,0.4878048780487805,0.7142857142857143,0.37037037037037035,0.4878048780487805
0.9230769230769231,0.8571428571428571,0.888888888888889,0.9230769230769231,0.8571428571428571,0.888888888888889
0.6153846153846154,0.5333333333333333,0.5714285714285715,0.5384615384615384,0.4666666666666667,0.5
0.5,0.23076923076923078,0.3157894736842105,0.3888888888888889,0.1794871794871795,0.24561403508771928
0.6666666666666666,0.3,0.41379310344827586,0.5555555555555556,0.25,0.3448275862068966
0.8421052631578947,0.8888888888888888,0.8648648648648649,0.8421052631578947,0.8888888888888888,0.8648648648648649
0.6923076923076923,0.5294117647058824,0.5999999999999999,0.6923076923076923,0.5294117647058824,0.5999999999999999
0.8,0.5333333333333333,0.64,0.8,0.5333333333333333,0.64
0.6666666666666666,0.5454545454545454,0.6,0.6666666666666666,0.5454545454545454,0.6
0.9230769230769231,0.8571428571428571,0.888888888888889,0.9230769230769231,0.8571428571428571,0.888888888888889
0.5384615384615384,0.2692307692307692,0.3589743589743589,0.46153846153846156,0.23076923076923078,0.30769230769230776
0.5,0.3333333333333333,0.4,0.5,0.3333333333333333,0.4
0.5454545454545454,0.1935483870967742,0.2857142857142857,0.45454545454545453,0.16129032258064516,0.23809523809523805
0.6875,0.39285714285714285,0.5,0.625,0.35714285714285715,0.45454545454545453
0.8,0.7272727272727273,0.761904761904762,0.8,0.7272727272727273,0.761904761904762
0.29411764705882354,0.2777777777777778,0.28571428571428575,0.29411764705882354,0.2777777777777778,0.28571428571428575
1.0,1.0,1.0,1.0,1.0,1.0
0.8,0.21052631578947367,0.3333333333333333,0.4,0.10526315789473684,0.16666666666666666
0.6111111111111112,0.6875,0.6470588235294118,0.6111111111111112,0.6875,0.6470588235294118
0.6111111111111112,0.3793103448275862,0.46808510638297873,0.6111111111111112,0.3793103448275862,0.46808510638297873
0.6666666666666666,0.5454545454545454,0.6,0.6666666666666666,0.5454545454545454,0.6
0.8823529411764706,0.30612244897959184,0.45454545454545453,0.8823529411764706,0.30612244897959184,0.45454545454545453
0.8333333333333334,0.38461538461538464,0.5263157894736842,0.8333333333333334,0.38461538461538464,0.5263157894736842
0.4,0.46153846153846156,0.42857142857142855,0.26666666666666666,0.3076923076923077,0.28571428571428575
0.7142857142857143,0.17857142857142858,0.2857142857142857,0.7142857142857143,0.17857142857142858,0.2857142857142857
0.5263157894736842,0.5,0.5128205128205129,0.42105263157894735,0.4,0.41025641025641024
0.5833333333333334,0.35,0.4375,0.5,0.3,0.37499999999999994
0.21739130434782608,0.23809523809523808,0.22727272727272724,0.21739130434782608,0.23809523809523808,0.22727272727272724
0.875,0.35,0.4999999999999999,0.875,0.35,0.4999999999999999
0.5333333333333333,0.5333333333333333,0.5333333333333333,0.5333333333333333,0.5333333333333333,0.5333333333333333
0.3125,0.18518518518518517,0.2325581395348837,0.3125,0.18518518518518517,0.2325581395348837
0.39285714285714285,0.4583333333333333,0.4230769230769231,0.35714285714285715,0.4166666666666667,0.3846153846153846
0.8125,0.40625,0.5416666666666666,0.8125,0.40625,0.5416666666666666
0.8181818181818182,0.28125,0.41860465116279066,0.8181818181818182,0.28125,0.41860465116279066
0.75,0.6428571428571429,0.6923076923076924,0.6666666666666666,0.5714285714285714,0.6153846153846153
0.3,0.3333333333333333,0.3157894736842105,0.3,0.3333333333333333,0.3157894736842105
0.9,0.9,0.9,0.9,0.9,0.9
0.8,0.4444444444444444,0.5714285714285714,0.8,0.4444444444444444,0.5714285714285714
0.7777777777777778,0.875,0.823529411764706,0.7777777777777778,0.875,0.823529411764706
0.75,0.1875,0.3,0.75,0.1875,0.3
0.5294117647058824,0.4090909090909091,0.46153846153846156,0.5294117647058824,0.4090909090909091,0.46153846153846156
0.7777777777777778,0.7777777777777778,0.7777777777777778,0.7777777777777778,0.7777777777777778,0.7777777777777778
0.7857142857142857,0.3793103448275862,0.5116279069767441,0.7142857142857143,0.3448275862068966,0.46511627906976755
0.6153846153846154,0.6153846153846154,0.6153846153846154,0.5384615384615384,0.5384615384615384,0.5384615384615384
0.875,0.4375,0.5833333333333334,0.875,0.4375,0.5833333333333334
0.7777777777777778,0.5384615384615384,0.6363636363636364,0.7777777777777778,0.5384615384615384,0.6363636363636364
0.4,0.3076923076923077,0.34782608695652173,0.4,0.3076923076923077,0.34782608695652173
0.75,0.5454545454545454,0.631578947368421,0.5,0.36363636363636365,0.4210526315789474
0.5,0.28,0.358974358974359,0.5,0.28,0.358974358974359
0.625,0.38461538461538464,0.4761904761904762,0.5,0.3076923076923077,0.380952380952381
0.6,0.3,0.4,0.6,0.3,0.4
0.5,0.5,0.5,0.5,0.5,0.5
0.5789473684210527,0.6470588235294118,0.6111111111111113,0.5789473684210527,0.6470588235294118,0.6111111111111113
1.0,1.0,1.0,1.0,1.0,1.0
0.5384615384615384,0.4666666666666667,0.5,0.5384615384615384,0.4666666666666667,0.5
0.6923076923076923,0.32142857142857145,0.4390243902439025,0.6923076923076923,0.32142857142857145,0.4390243902439025
0.75,0.5454545454545454,0.631578947368421,0.75,0.5454545454545454,0.631578947368421
0.8461538461538461,0.5,0.6285714285714286,0.8461538461538461,0.5,0.6285714285714286
0.47058823529411764,0.5,0.48484848484848486,0.29411764705882354,0.3125,0.30303030303030304
0.8,0.631578947368421,0.7058823529411765,0.7333333333333333,0.5789473684210527,0.6470588235294117
0.15384615384615385,0.4,0.2222222222222222,0.15384615384615385,0.4,0.2222222222222222
0.8823529411764706,0.5555555555555556,0.6818181818181819,0.7058823529411765,0.4444444444444444,0.5454545454545455
0.9166666666666666,0.9166666666666666,0.9166666666666666,0.9166666666666666,0.9166666666666666,0.9166666666666666
0.9166666666666666,0.7333333333333333,0.8148148148148148,0.9166666666666666,0.7333333333333333,0.8148148148148148
0.9230769230769231,0.42857142857142855,0.5853658536585366,0.8461538461538461,0.39285714285714285,0.5365853658536585
1.0,0.5,0.6666666666666666,1.0,0.5,0.6666666666666666
0.6923076923076923,0.75,0.7199999999999999,0.6923076923076923,0.75,0.7199999999999999
0.42857142857142855,0.5,0.4615384615384615,0.42857142857142855,0.5,0.4615384615384615
0.7,0.7,0.7,0.7,0.7,0.7
0.9230769230769231,0.8571428571428571,0.888888888888889,0.9230769230769231,0.8571428571428571,0.888888888888889
0.6923076923076923,0.9,0.7826086956521738,0.6923076923076923,0.9,0.7826086956521738
0.5428571428571428,0.6785714285714286,0.603174603174603,0.42857142857142855,0.5357142857142857,0.47619047619047616
0.7777777777777778,0.5833333333333334,0.6666666666666666,0.7777777777777778,0.5833333333333334,0.6666666666666666
0.6111111111111112,0.39285714285714285,0.4782608695652174,0.5,0.32142857142857145,0.391304347826087
1.0,0.5,0.6666666666666666,0.8571428571428571,0.42857142857142855,0.5714285714285714
0.6666666666666666,0.3,0.41379310344827586,0.6666666666666666,0.3,0.41379310344827586
0.8888888888888888,0.5714285714285714,0.6956521739130435,0.8888888888888888,0.5714285714285714,0.6956521739130435
0.7333333333333333,0.4583333333333333,0.5641025641025641,0.5333333333333333,0.3333333333333333,0.4102564102564102
1.0,0.6666666666666666,0.8,1.0,0.6666666666666666,0.8
0.46153846153846156,0.8571428571428571,0.6,0.46153846153846156,0.8571428571428571,0.6
0.38461538461538464,0.4166666666666667,0.4,0.38461538461538464,0.4166666666666667,0.4
0.95,0.5757575757575758,0.7169811320754716,0.85,0.5151515151515151,0.6415094339622641
0.8333333333333334,0.38461538461538464,0.5263157894736842,0.8333333333333334,0.38461538461538464,0.5263157894736842
0.35,0.3684210526315789,0.358974358974359,0.25,0.2631578947368421,0.25641025641025644
1.0,0.47058823529411764,0.6399999999999999,1.0,0.47058823529411764,0.6399999999999999
0.6923076923076923,0.75,0.7199999999999999,0.6153846153846154,0.6666666666666666,0.64
0.2222222222222222,0.16666666666666666,0.1904761904761905,0.2222222222222222,0.16666666666666666,0.1904761904761905
0.8888888888888888,0.5,0.64,0.8888888888888888,0.5,0.64
0.375,0.2727272727272727,0.3157894736842105,0.375,0.2727272727272727,0.3157894736842105
0.5333333333333333,0.5714285714285714,0.5517241379310344,0.4666666666666667,0.5,0.4827586206896552
0.7333333333333333,0.7857142857142857,0.7586206896551724,0.7333333333333333,0.7857142857142857,0.7586206896551724
0.6,0.2608695652173913,0.36363636363636365,0.6,0.2608695652173913,0.36363636363636365
0.8461538461538461,0.39285714285714285,0.5365853658536585,0.8461538461538461,0.39285714285714285,0.5365853658536585
0.5,0.5,0.5,0.5,0.5,0.5
0.6666666666666666,0.38461538461538464,0.4878048780487804,0.6666666666666666,0.38461538461538464,0.4878048780487804
0.7692307692307693,0.2857142857142857,0.41666666666666663,0.6923076923076923,0.2571428571428571,0.37499999999999994
0.7692307692307693,0.7142857142857143,0.7407407407407408,0.7692307692307693,0.7142857142857143,0.7407407407407408
0.5384615384615384,0.4666666666666667,0.5,0.5384615384615384,0.4666666666666667,0.5
0.6666666666666666,0.6666666666666666,0.6666666666666666,0.6666666666666666,0.6666666666666666,0.6666666666666666
0.8333333333333334,0.5555555555555556,0.6666666666666667,0.8333333333333334,0.5555555555555556,0.6666666666666667
0.7692307692307693,0.8333333333333334,0.8,0.7692307692307693,0.8333333333333334,0.8
0.42857142857142855,0.6428571428571429,0.5142857142857143,0.42857142857142855,0.6428571428571429,0.5142857142857143
0.5789473684210527,0.3548387096774194,0.44000000000000006,0.47368421052631576,0.2903225806451613,0.36
0.6363636363636364,0.35,0.45161290322580644,0.6363636363636364,0.35,0.45161290322580644
1.0,0.6,0.7499999999999999,1.0,0.6,0.7499999999999999
0.7222222222222222,0.5652173913043478,0.6341463414634146,0.7222222222222222,0.5652173913043478,0.6341463414634146
0.8333333333333334,0.30303030303030304,0.4444444444444444,0.8333333333333334,0.30303030303030304,0.4444444444444444
0.5909090909090909,0.4482758620689655,0.5098039215686274,0.45454545454545453,0.3448275862068966,0.39215686274509803
0.5357142857142857,0.39473684210526316,0.45454545454545453,0.32142857142857145,0.23684210526315788,0.2727272727272727
0.5263157894736842,0.37037037037037035,0.43478260869565216,0.5263157894736842,0.37037037037037035,0.43478260869565216
0.7272727272727273,0.34782608695652173,0.4705882352941176,0.7272727272727273,0.34782608695652173,0.4705882352941176
0.6666666666666666,0.4,0.5,0.6666666666666666,0.4,0.5
0.8571428571428571,0.3076923076923077,0.45283018867924535,0.7142857142857143,0.2564102564102564,0.3773584905660377
0.46153846153846156,0.375,0.41379310344827586,0.46153846153846156,0.375,0.41379310344827586
1.0,0.2857142857142857,0.4444444444444445,1.0,0.2857142857142857,0.4444444444444445
0.7142857142857143,0.47619047619047616,0.5714285714285714,0.6428571428571429,0.42857142857142855,0.5142857142857143
0.6428571428571429,0.21428571428571427,0.32142857142857145,0.5714285714285714,0.19047619047619047,0.2857142857142857
0.9090909090909091,0.5,0.6451612903225806,0.9090909090909091,0.5,0.6451612903225806
0.7333333333333333,0.39285714285714285,0.5116279069767441,0.7333333333333333,0.39285714285714285,0.5116279069767441
0.7692307692307693,0.7692307692307693,0.7692307692307693,0.7692307692307693,0.7692307692307693,0.7692307692307693
0.75,0.6666666666666666,0.7058823529411765,0.75,0.6666666666666666,0.7058823529411765
0.6666666666666666,0.2857142857142857,0.4,0.5555555555555556,0.23809523809523808,0.33333333333333326
0.6666666666666666,0.46153846153846156,0.5454545454545455,0.6666666666666666,0.46153846153846156,0.5454545454545455
0.5555555555555556,0.38461538461538464,0.4545454545454546,0.5,0.34615384615384615,0.40909090909090906
1.0,0.7,0.8235294117647058,1.0,0.7,0.8235294117647058
0.7368421052631579,0.8235294117647058,0.7777777777777778,0.7368421052631579,0.8235294117647058,0.7777777777777778
0.875,0.25,0.3888888888888889,0.875,0.25,0.3888888888888889
0.5789473684210527,0.4074074074074074,0.47826086956521735,0.3684210526315789,0.25925925925925924,0.30434782608695654
0.6666666666666666,0.7692307692307693,0.7142857142857142,0.6666666666666666,0.7692307692307693,0.7142857142857142
0.6,0.24324324324324326,0.34615384615384615,0.6,0.24324324324324326,0.34615384615384615
0.9285714285714286,0.9285714285714286,0.9285714285714286,0.9285714285714286,0.9285714285714286,0.9285714285714286
0.75,0.5,0.6,0.75,0.5,0.6
0.6666666666666666,0.46153846153846156,0.5454545454545455,0.6666666666666666,0.46153846153846156,0.5454545454545455
0.7272727272727273,0.6666666666666666,0.6956521739130435,0.7272727272727273,0.6666666666666666,0.6956521739130435
0.5789473684210527,0.44,0.5,0.47368421052631576,0.36,0.40909090909090906
0.875,0.9333333333333333,0.9032258064516129,0.875,0.9333333333333333,0.9032258064516129
0.7,0.3181818181818182,0.4375,0.7,0.3181818181818182,0.4375
0.5714285714285714,0.75,0.6486486486486486,0.5714285714285714,0.75,0.6486486486486486
0.9,0.32142857142857145,0.4736842105263158,0.8,0.2857142857142857,0.4210526315789473
0.6666666666666666,0.46153846153846156,0.5454545454545455,0.6666666666666666,0.46153846153846156,0.5454545454545455
0.8571428571428571,0.8,0.8275862068965518,0.8571428571428571,0.8,0.8275862068965518
0.6666666666666666,0.5454545454545454,0.6,0.6666666666666666,0.5454545454545454,0.6
0.9285714285714286,0.9285714285714286,0.9285714285714286,0.9285714285714286,0.9285714285714286,0.9285714285714286
0.9375,0.6818181818181818,0.7894736842105263,0.6875,0.5,0.5789473684210527
0.7692307692307693,0.43478260869565216,0.5555555555555555,0.7692307692307693,0.43478260869565216,0.5555555555555555
0.6363636363636364,0.1590909090909091,0.2545454545454546,0.6363636363636364,0.1590909090909091,0.2545454545454546
0.4375,0.3181818181818182,0.3684210526315789,0.375,0.2727272727272727,0.3157894736842105
0.4666666666666667,0.3333333333333333,0.3888888888888889,0.4666666666666667,0.3333333333333333,0.3888888888888889
0.5,0.34782608695652173,0.41025641025641024,0.5,0.34782608695652173,0.41025641025641024
0.3,0.1935483870967742,0.23529411764705882,0.3,0.1935483870967742,0.23529411764705882
0.4666666666666667,0.3333333333333333,0.3888888888888889,0.4666666666666667,0.3333333333333333,0.3888888888888889
0.46153846153846156,0.1935483870967742,0.2727272727272727,0.38461538461538464,0.16129032258064516,0.22727272727272727
0.391304347826087,0.36,0.37499999999999994,0.2608695652173913,0.24,0.24999999999999994
0.391304347826087,0.4090909090909091,0.4,0.391304347826087,0.4090909090909091,0.4
0.5333333333333333,0.6153846153846154,0.5714285714285715,0.5333333333333333,0.6153846153846154,0.5714285714285715
0.9230769230769231,0.9230769230769231,0.9230769230769231,0.9230769230769231,0.9230769230769231,0.9230769230769231
0.9230769230769231,1.0,0.9600000000000001,0.9230769230769231,1.0,0.9600000000000001
0.9230769230769231,1.0,0.9600000000000001,0.9230769230769231,1.0,0.9600000000000001
1.0,0.8571428571428571,0.923076923076923,1.0,0.8571428571428571,0.923076923076923
0.9375,0.6818181818181818,0.7894736842105263,0.9375,0.6818181818181818,0.7894736842105263
0.5454545454545454,0.75,0.631578947368421,0.5454545454545454,0.75,0.631578947368421
0.9230769230769231,0.46153846153846156,0.6153846153846155,0.7692307692307693,0.38461538461538464,0.5128205128205128
0.9,0.5625,0.6923076923076923,0.9,0.5625,0.6923076923076923
0.0,0.0,0.0,0.0,0.0,0.0
0.45454545454545453,0.45454545454545453,0.45454545454545453,0.45454545454545453,0.45454545454545453,0.45454545454545453
0.5833333333333334,1.0,0.7368421052631579,0.5833333333333334,1.0,0.7368421052631579
0.7,0.4,0.509090909090909,0.7,0.4,0.509090909090909
1.0,0.631578947368421,0.7741935483870968,1.0,0.631578947368421,0.7741935483870968
1.0,1.0,1.0,1.0,1.0,1.0
0.9090909090909091,0.5555555555555556,0.6896551724137931,0.9090909090909091,0.5555555555555556,0.6896551724137931
0.9230769230769231,0.46153846153846156,0.6153846153846155,0.7692307692307693,0.38461538461538464,0.5128205128205128
0.45454545454545453,0.45454545454545453,0.45454545454545453,0.45454545454545453,0.45454545454545453,0.45454545454545453
0.0,0.0,0.0,0.0,0.0,0.0
0.7692307692307693,0.7692307692307693,0.7692307692307693,0.7692307692307693,0.7692307692307693,0.7692307692307693
0.0,0.0,0.0,0.0,0.0,0.0
0.7333333333333333,0.34375,0.4680851063829787,0.7333333333333333,0.34375,0.4680851063829787
0.0,0.0,0.0,0.0,0.0,0.0
0.8666666666666667,0.29545454545454547,0.44067796610169496,0.8666666666666667,0.29545454545454547,0.44067796610169496
0.9230769230769231,0.46153846153846156,0.6153846153846155,0.7692307692307693,0.38461538461538464,0.5128205128205128
1.0,1.0,1.0,1.0,1.0,1.0
0.9411764705882353,0.9411764705882353,0.9411764705882353,0.9411764705882353,0.9411764705882353,0.9411764705882353
0.9230769230769231,1.0,0.9600000000000001,0.9230769230769231,1.0,0.9600000000000001
0.0,0.0,0.0,0.0,0.0,0.0
0.0,0.0,0.0,0.0,0.0,0.0
0.6666666666666666,0.22727272727272727,0.33898305084745756,0.6,0.20454545454545456,0.30508474576271183
0.0,0.0,0.0,0.0,0.0,0.0
0.7333333333333333,0.6111111111111112,0.6666666666666666,0.7333333333333333,0.6111111111111112,0.6666666666666666
0.0,0.0,0.0,0.0,0.0,0.0
0.9230769230769231,0.46153846153846156,0.6153846153846155,0.7692307692307693,0.38461538461538464,0.5128205128205128
0.0,0.0,0.0,0.0,0.0,0.0
0.0,0.0,0.0,0.0,0.0,0.0
0.0,0.0,0.0,0.0,0.0,0.0
1.0,0.8571428571428571,0.923076923076923,1.0,0.8571428571428571,0.923076923076923
0.0,0.0,0.0,0.0,0.0,0.0
0.0,0.0,0.0,0.0,0.0,0.0
1.0,0.8571428571428571,0.923076923076923,1.0,0.8571428571428571,0.923076923076923
0.0,0.0,0.0,0.0,0.0,0.0
0.0,0.0,0.0,0.0,0.0,0.0
0.9090909090909091,0.4,0.5555555555555556,0.9090909090909091,0.4,0.5555555555555556
0.9090909090909091,0.3225806451612903,0.4761904761904761,0.9090909090909091,0.3225806451612903,0.4761904761904761
0.0,0.0,0.0,0.0,0.0,0.0
0.9230769230769231,1.0,0.9600000000000001,0.9230769230769231,1.0,0.9600000000000001
0.75,0.8571428571428571,0.7999999999999999,0.6875,0.7857142857142857,0.7333333333333334
0.9230769230769231,1.0,0.9600000000000001,0.9230769230769231,1.0,0.9600000000000001
0.8125,0.20634920634920634,0.3291139240506329,0.6875,0.1746031746031746,0.27848101265822783
0.5714285714285714,0.47058823529411764,0.5161290322580646,0.2857142857142857,0.23529411764705882,0.2580645161290323
0.5882352941176471,0.9090909090909091,0.7142857142857143,0.5882352941176471,0.9090909090909091,0.7142857142857143
0.5625,0.2571428571428571,0.3529411764705882,0.5625,0.2571428571428571,0.3529411764705882
0.7,0.5384615384615384,0.608695652173913,0.7,0.5384615384615384,0.608695652173913
0.6666666666666666,0.6153846153846154,0.64,0.5833333333333334,0.5384615384615384,0.5599999999999999
0.4444444444444444,0.2,0.2758620689655173,0.4444444444444444,0.2,0.2758620689655173
0.0,0.0,0.0,0.0,0.0,0.0
0.4,0.4,0.4000000000000001,0.4,0.4,0.4000000000000001
0.7142857142857143,0.5,0.588235294117647,0.5714285714285714,0.4,0.47058823529411764
0.0,0.0,0.0,0.0,0.0,0.0
0.0,0.0,0.0,0.0,0.0,0.0
0.5,0.1935483870967742,0.27906976744186046,0.5,0.1935483870967742,0.27906976744186046
0.7,0.2916666666666667,0.4117647058823529,0.7,0.2916666666666667,0.4117647058823529
0.6666666666666666,0.6153846153846154,0.64,0.5833333333333334,0.5384615384615384,0.5599999999999999
0.5882352941176471,0.43478260869565216,0.5,0.47058823529411764,0.34782608695652173,0.39999999999999997
0.5454545454545454,0.5454545454545454,0.5454545454545454,0.36363636363636365,0.36363636363636365,0.36363636363636365
1.0,0.32,0.48484848484848486,0.875,0.28,0.42424242424242425
0.6,0.3333333333333333,0.42857142857142855,0.4666666666666667,0.25925925925925924,0.33333333333333337
0.38095238095238093,0.3076923076923077,0.3404255319148936,0.2857142857142857,0.23076923076923078,0.25531914893617025
0.2916666666666667,0.175,0.21875,0.25,0.15,0.18749999999999997
0.6842105263157895,0.5,0.5777777777777778,0.631578947368421,0.46153846153846156,0.5333333333333333
0.3333333333333333,0.24,0.27906976744186046,0.3333333333333333,0.24,0.27906976744186046
0.3157894736842105,0.3,0.3076923076923077,0.3157894736842105,0.3,0.3076923076923077
0.5384615384615384,0.16666666666666666,0.2545454545454545,0.38461538461538464,0.11904761904761904,0.18181818181818182
0.23076923076923078,0.42857142857142855,0.3,0.23076923076923078,0.42857142857142855,0.3
0.391304347826087,0.2727272727272727,0.32142857142857145,0.30434782608695654,0.21212121212121213,0.25
0.5,0.24,0.32432432432432434,0.4166666666666667,0.2,0.2702702702702703
0.43478260869565216,0.3333333333333333,0.3773584905660377,0.43478260869565216,0.3333333333333333,0.3773584905660377
0.5,0.46153846153846156,0.48000000000000004,0.4166666666666667,0.38461538461538464,0.4
0.8571428571428571,0.75,0.7999999999999999,0.8571428571428571,0.75,0.7999999999999999
0.625,0.3125,0.4166666666666667,0.5,0.25,0.3333333333333333
0.13333333333333333,0.4,0.2,0.13333333333333333,0.4,0.2
0.4375,0.5384615384615384,0.4827586206896552,0.4375,0.5384615384615384,0.4827586206896552
0.5,0.5384615384615384,0.5185185185185186,0.5,0.5384615384615384,0.5185185185185186
0.75,0.48,0.5853658536585366,0.6875,0.44,0.5365853658536586
0.9,0.28125,0.4285714285714286,0.9,0.28125,0.4285714285714286
0.7333333333333333,0.4583333333333333,0.5641025641025641,0.6666666666666666,0.4166666666666667,0.5128205128205129
0.36,0.3333333333333333,0.34615384615384615,0.36,0.3333333333333333,0.34615384615384615
0.6842105263157895,0.5,0.5777777777777778,0.631578947368421,0.46153846153846156,0.5333333333333333
0.38095238095238093,0.3076923076923077,0.3404255319148936,0.2857142857142857,0.23076923076923078,0.25531914893617025
0.43478260869565216,0.3333333333333333,0.3773584905660377,0.43478260869565216,0.3333333333333333,0.3773584905660377
1.0,1.0,1.0,1.0,1.0,1.0
0.0,0.0,0.0,0.0,0.0,0.0
0.47368421052631576,0.3,0.3673469387755102,0.3684210526315789,0.23333333333333334,0.2857142857142857
0.7,0.22580645161290322,0.3414634146341463,0.7,0.22580645161290322,0.3414634146341463
0.0,0.0,0.0,0.0,0.0,0.0
0.0,0.0,0.0,0.0,0.0,0.0
0.75,0.225,0.3461538461538462,0.75,0.225,0.3461538461538462
0.5,0.3,0.37499999999999994,0.4444444444444444,0.26666666666666666,0.33333333333333337
0.0,0.0,0.0,0.0,0.0,0.0
0.36363636363636365,0.22857142857142856,0.2807017543859649,0.36363636363636365,0.22857142857142856,0.2807017543859649
0.0,0.0,0.0,0.0,0.0,0.0
0.2608695652173913,0.6666666666666666,0.37500000000000006,0.17391304347826086,0.4444444444444444,0.25
0.4,0.25,0.3076923076923077,0.26666666666666666,0.16666666666666666,0.2051282051282051
0.4666666666666667,0.23333333333333334,0.31111111111111117,0.4,0.2,0.26666666666666666
0.0,0.0,0.0,0.0,0.0,0.0
0.625,0.23809523809523808,0.3448275862068965,0.5625,0.21428571428571427,0.31034482758620685
0.0,0.0,0.0,0.0,0.0,0.0
0.625,0.23809523809523808,0.3448275862068965,0.375,0.14285714285714285,0.20689655172413796
0.0,0.0,0.0,0.0,0.0,0.0
0.5714285714285714,0.25,0.34782608695652173,0.5714285714285714,0.25,0.34782608695652173
0.5384615384615384,0.16666666666666666,0.2545454545454545,0.38461538461538464,0.11904761904761904,0.18181818181818182
0.6842105263157895,0.5,0.5777777777777778,0.631578947368421,0.46153846153846156,0.5333333333333333
0.4166666666666667,0.5,0.45454545454545453,0.4166666666666667,0.5,0.45454545454545453
0.4117647058823529,0.4666666666666667,0.43749999999999994,0.23529411764705882,0.26666666666666666,0.25
0.3225806451612903,0.47619047619047616,0.3846153846153846,0.3225806451612903,0.47619047619047616,0.3846153846153846
0.23076923076923078,0.16666666666666666,0.1935483870967742,0.15384615384615385,0.1111111111111111,0.12903225806451615
0.0,0.0,0.0,0.0,0.0,0.0
0.0,0.0,0.0,0.0,0.0,0.0
0.47368421052631576,0.28125,0.35294117647058826,0.3684210526315789,0.21875,0.2745098039215686
0.0,0.0,0.0,0.0,0.0,0.0
0.46153846153846156,0.35294117647058826,0.4000000000000001,0.46153846153846156,0.35294117647058826,0.4000000000000001
0.6428571428571429,0.32142857142857145,0.4285714285714286,0.5714285714285714,0.2857142857142857,0.38095238095238093
0.5882352941176471,0.30303030303030304,0.39999999999999997,0.47058823529411764,0.24242424242424243,0.32
0.6153846153846154,0.2857142857142857,0.3902439024390244,0.46153846153846156,0.21428571428571427,0.2926829268292683
0.3,0.08108108108108109,0.12765957446808512,0.3,0.08108108108108109,0.12765957446808512
0.5555555555555556,0.30303030303030304,0.3921568627450981,0.5,0.2727272727272727,0.3529411764705882
0.7777777777777778,0.35,0.48275862068965514,0.6666666666666666,0.3,0.41379310344827586
0.625,0.29411764705882354,0.4,0.375,0.17647058823529413,0.24
0.42105263157894735,0.5714285714285714,0.48484848484848486,0.3157894736842105,0.42857142857142855,0.36363636363636365
0.8571428571428571,0.75,0.7999999999999999,0.8571428571428571,0.75,0.7999999999999999
0.2608695652173913,0.6666666666666666,0.37500000000000006,0.17391304347826086,0.4444444444444444,0.25
0.0,0.0,0.0,0.0,0.0,0.0
0.8571428571428571,0.75,0.7999999999999999,0.8571428571428571,0.75,0.7999999999999999
0.3181818181818182,0.4375,0.3684210526315789,0.2727272727272727,0.375,0.3157894736842105
0.13333333333333333,0.4,0.2,0.13333333333333333,0.4,0.2
0.6666666666666666,0.3076923076923077,0.42105263157894735,0.6666666666666666,0.3076923076923077,0.42105263157894735
0.0,0.0,0.0,0.0,0.0,0.0
0.3333333333333333,0.36363636363636365,0.34782608695652173,0.3333333333333333,0.36363636363636365,0.34782608695652173
0.0,0.0,0.0,0.0,0.0,0.0
0.4,0.75,0.5217391304347827,0.4,0.75,0.5217391304347827
0.6428571428571429,0.47368421052631576,0.5454545454545454,0.5714285714285714,0.42105263157894735,0.48484848484848486
0.0,0.0,0.0,0.0,0.0,0.0
0.47368421052631576,0.2903225806451613,0.36,0.3684210526315789,0.22580645161290322,0.28
0.6363636363636364,0.16666666666666666,0.2641509433962264,0.5454545454545454,0.14285714285714285,0.22641509433962262
0.7857142857142857,0.34375,0.4782608695652174,0.7857142857142857,0.34375,0.4782608695652174
0.8333333333333334,0.2702702702702703,0.4081632653061225,0.6666666666666666,0.21621621621621623,0.326530612244898
0.0,0.0,0.0,0.0,0.0,0.0
0.0,0.0,0.0,0.0,0.0,0.0
0.5,0.25,0.3333333333333333,0.5,0.25,0.3333333333333333
0.0,0.0,0.0,0.0,0.0,0.0
0.2608695652173913,0.6666666666666666,0.37500000000000006,0.17391304347826086,0.4444444444444444,0.25
0.0,0.0,0.0,0.0,0.0,0.0
0.4375,0.16666666666666666,0.24137931034482757,0.375,0.14285714285714285,0.20689655172413796
0.8,0.2962962962962963,0.43243243243243246,0.7,0.25925925925925924,0.37837837837837834
0.7,0.35,0.4666666666666667,0.6,0.3,0.4
0.5,0.2916666666666667,0.3684210526315789,0.5,0.2916666666666667,0.3684210526315789
0.3,0.16666666666666666,0.21428571428571427,0.2,0.1111111111111111,0.14285714285714285
0.3333333333333333,0.29411764705882354,0.3125,0.26666666666666666,0.23529411764705882,0.25
0.6666666666666666,0.47058823529411764,0.5517241379310345,0.6666666666666666,0.47058823529411764,0.5517241379310345
0.3076923076923077,0.5,0.380952380952381,0.3076923076923077,0.5,0.380952380952381
0.3333333333333333,0.3076923076923077,0.32,0.3333333333333333,0.3076923076923077,0.32
0.3333333333333333,0.2857142857142857,0.30769230769230765,0.2777777777777778,0.23809523809523808,0.25641025641025644
0.5454545454545454,0.3870967741935484,0.45283018867924524,0.45454545454545453,0.3225806451612903,0.3773584905660377
0.6666666666666666,0.47058823529411764,0.5517241379310345,0.6666666666666666,0.47058823529411764,0.5517241379310345
0.5,0.6153846153846154,0.5517241379310345,0.375,0.46153846153846156,0.41379310344827586
0.3,0.16666666666666666,0.21428571428571427,0.2,0.1111111111111111,0.14285714285714285
0.0,0.0,0.0,0.0,0.0,0.0
0.0,0.0,0.0,0.0,0.0,0.0
0.6,0.46875,0.5263157894736842,0.52,0.40625,0.45614035087719296
0.5,0.2916666666666667,0.3684210526315789,0.5,0.2916666666666667,0.3684210526315789
0.5454545454545454,0.21428571428571427,0.30769230769230765,0.45454545454545453,0.17857142857142858,0.25641025641025644
0.0,0.0,0.0,0.0,0.0,0.0
0.4166666666666667,0.5,0.45454545454545453,0.3333333333333333,0.4,0.3636363636363636
0.5454545454545454,0.3157894736842105,0.39999999999999997,0.45454545454545453,0.2631578947368421,0.3333333333333333
0.0,0.0,0.0,0.0,0.0,0.0
1.0,1.0,1.0,1.0,1.0,1.0
0.3,0.16666666666666666,0.21428571428571427,0.2,0.1111111111111111,0.14285714285714285
0.6666666666666666,0.47058823529411764,0.5517241379310345,0.6666666666666666,0.47058823529411764,0.5517241379310345
0.8888888888888888,0.23529411764705882,0.3720930232558139,0.8888888888888888,0.23529411764705882,0.3720930232558139
0.0,0.0,0.0,0.0,0.0,0.0
0.0,0.0,0.0,0.0,0.0,0.0
0.0,0.0,0.0,0.0,0.0,0.0
0.3,0.16666666666666666,0.21428571428571427,0.2,0.1111111111111111,0.14285714285714285
0.0,0.0,0.0,0.0,0.0,0.0
0.0,0.0,0.0,0.0,0.0,0.0
0.36363636363636365,0.2857142857142857,0.32,0.2727272727272727,0.21428571428571427,0.23999999999999996
0.36363636363636365,0.2857142857142857,0.32,0.2727272727272727,0.21428571428571427,0.23999999999999996
0.0,0.0,0.0,0.0,0.0,0.0
0.0,0.0,0.0,0.0,0.0,0.0
0.35714285714285715,0.5882352941176471,0.4444444444444445,0.2857142857142857,0.47058823529411764,0.35555555555555557
1.0,0.4482758620689655,0.6190476190476191,0.8461538461538461,0.3793103448275862,0.5238095238095238
0.8125,0.3170731707317073,0.45614035087719296,0.5625,0.21951219512195122,0.3157894736842105
0.6666666666666666,0.47058823529411764,0.5517241379310345,0.6666666666666666,0.47058823529411764,0.5517241379310345
0.0,0.0,0.0,0.0,0.0,0.0
0.0,0.0,0.0,0.0,0.0,0.0
0.0,0.0,0.0,0.0,0.0,0.0
0.3076923076923077,0.16666666666666666,0.21621621621621623,0.3076923076923077,0.16666666666666666,0.21621621621621623
0.5,0.2916666666666667,0.3684210526315789,0.5,0.2916666666666667,0.3684210526315789
0.5,0.2916666666666667,0.3684210526315789,0.5,0.2916666666666667,0.3684210526315789
0.0,0.0,0.0,0.0,0.0,0.0
0.5294117647058824,0.36,0.42857142857142855,0.47058823529411764,0.32,0.38095238095238104
0.5555555555555556,0.1282051282051282,0.20833333333333334,0.5555555555555556,0.1282051282051282,0.20833333333333334
0.7777777777777778,0.25,0.3783783783783784,0.7777777777777778,0.25,0.3783783783783784
0.4444444444444444,0.42857142857142855,0.43636363636363634,0.4074074074074074,0.39285714285714285,0.39999999999999997
0.5,0.19230769230769232,0.2777777777777778,0.5,0.19230769230769232,0.2777777777777778
0.45454545454545453,0.2777777777777778,0.3448275862068966,0.36363636363636365,0.2222222222222222,0.27586206896551724
0.8888888888888888,0.22857142857142856,0.3636363636363636,0.7777777777777778,0.2,0.3181818181818182
0.9,0.42857142857142855,0.5806451612903225,0.9,0.42857142857142855,0.5806451612903225
0.14285714285714285,0.3333333333333333,0.2,0.14285714285714285,0.3333333333333333,0.2
0.8,0.4444444444444444,0.5714285714285714,0.8,0.4444444444444444,0.5714285714285714
0.6666666666666666,0.42857142857142855,0.5217391304347826,0.6666666666666666,0.42857142857142855,0.5217391304347826
0.7272727272727273,0.32,0.4444444444444444,0.7272727272727273,0.32,0.4444444444444444
0.5555555555555556,0.1282051282051282,0.20833333333333334,0.5555555555555556,0.1282051282051282,0.20833333333333334
0.5357142857142857,0.5357142857142857,0.5357142857142857,0.4642857142857143,0.4642857142857143,0.4642857142857143
0.47058823529411764,0.2962962962962963,0.3636363636363636,0.29411764705882354,0.18518518518518517,0.22727272727272727
1.0,0.32,0.48484848484848486,0.875,0.28,0.42424242424242425
0.5,0.8,0.6153846153846154,0.35,0.56,0.4307692307692308
0.35714285714285715,0.29411764705882354,0.3225806451612903,0.35714285714285715,0.29411764705882354,0.3225806451612903
0.631578947368421,0.35294117647058826,0.45283018867924524,0.5263157894736842,0.29411764705882354,0.3773584905660377
0.6666666666666666,0.2727272727272727,0.3870967741935484,0.5555555555555556,0.22727272727272727,0.3225806451612903
0.5,0.37037037037037035,0.425531914893617,0.45,0.3333333333333333,0.3829787234042553
0.47619047619047616,0.4166666666666667,0.4444444444444445,0.3333333333333333,0.2916666666666667,0.3111111111111111
0.5,0.6111111111111112,0.55,0.4090909090909091,0.5,0.45
0.0,0.0,0.0,0.0,0.0,0.0
0.4090909090909091,0.5625,0.47368421052631576,0.3181818181818182,0.4375,0.3684210526315789
0.5555555555555556,0.1282051282051282,0.20833333333333334,0.5555555555555556,0.1282051282051282,0.20833333333333334
0.35,0.3684210526315789,0.358974358974359,0.3,0.3157894736842105,0.3076923076923077
0.29411764705882354,0.38461538461538464,0.33333333333333337,0.2647058823529412,0.34615384615384615,0.29999999999999993
0.4444444444444444,0.5,0.47058823529411764,0.3888888888888889,0.4375,0.411764705882353
0.5294117647058824,0.34615384615384615,0.41860465116279066,0.47058823529411764,0.3076923076923077,0.372093023255814
0.6111111111111112,0.4074074074074074,0.4888888888888889,0.5,0.3333333333333333,0.4
0.5925925925925926,0.35555555555555557,0.4444444444444444,0.4074074074074074,0.24444444444444444,0.3055555555555555
0.0,0.0,0.0,0.0,0.0,0.0
0.3333333333333333,0.5454545454545454,0.41379310344827586,0.2777777777777778,0.45454545454545453,0.3448275862068966
0.0,0.0,0.0,0.0,0.0,0.0
0.6428571428571429,0.36,0.4615384615384615,0.5714285714285714,0.32,0.41025641025641024
0.38095238095238093,0.4444444444444444,0.41025641025641024,0.2857142857142857,0.3333333333333333,0.30769230769230765
0.5,0.5333333333333333,0.5161290322580646,0.5,0.5333333333333333,0.5161290322580646
0.5,0.6428571428571429,0.5625000000000001,0.5,0.6428571428571429,0.5625000000000001
0.35,0.3684210526315789,0.358974358974359,0.3,0.3157894736842105,0.3076923076923077
0.4,0.27586206896551724,0.32653061224489793,0.4,0.27586206896551724,0.32653061224489793
0.29411764705882354,0.38461538461538464,0.33333333333333337,0.2647058823529412,0.34615384615384615,0.29999999999999993
0.75,0.42857142857142855,0.5454545454545454,0.75,0.42857142857142855,0.5454545454545454
0.5625,0.47368421052631576,0.5142857142857142,0.5625,0.47368421052631576,0.5142857142857142
0.4375,0.2692307692307692,0.33333333333333337,0.4375,0.2692307692307692,0.33333333333333337
0.7777777777777778,0.25,0.3783783783783784,0.7777777777777778,0.25,0.3783783783783784
0.6666666666666666,0.3870967741935484,0.4897959183673469,0.5555555555555556,0.3225806451612903,0.40816326530612246
0.5333333333333333,0.25806451612903225,0.34782608695652173,0.4666666666666667,0.22580645161290322,0.3043478260869565
0.4666666666666667,0.4666666666666667,0.4666666666666667,0.4,0.4,0.4000000000000001
0.0,0.0,0.0,0.0,0.0,0.0
0.0,0.0,0.0,0.0,0.0,0.0
0.5625,0.47368421052631576,0.5142857142857142,0.5625,0.47368421052631576,0.5142857142857142
0.47619047619047616,0.4166666666666667,0.4444444444444445,0.3333333333333333,0.2916666666666667,0.3111111111111111
0.5333333333333333,0.24242424242424243,0.3333333333333333,0.4666666666666667,0.21212121212121213,0.29166666666666663
0.3,0.45,0.36000000000000004,0.23333333333333334,0.35,0.28
0.0,0.0,0.0,0.0,0.0,0.0
0.6,0.4,0.48,0.6,0.4,0.48
0.42857142857142855,0.2857142857142857,0.34285714285714286,0.35714285714285715,0.23809523809523808,0.2857142857142857
0.0,0.0,0.0,0.0,0.0,0.0
0.0,0.0,0.0,0.0,0.0,0.0
0.2692307692307692,0.35,0.3043478260869565,0.2692307692307692,0.35,0.3043478260869565
0.47619047619047616,0.4166666666666667,0.4444444444444445,0.3333333333333333,0.2916666666666667,0.3111111111111111
0.35294117647058826,0.5454545454545454,0.42857142857142855,0.35294117647058826,0.5454545454545454,0.42857142857142855
0.42857142857142855,0.2857142857142857,0.34285714285714286,0.35714285714285715,0.23809523809523808,0.2857142857142857
0.75,0.41379310344827586,0.5333333333333333,0.6875,0.3793103448275862,0.4888888888888889
0.38461538461538464,0.47619047619047616,0.42553191489361697,0.34615384615384615,0.42857142857142855,0.3829787234042554
0.0,0.0,0.0,0.0,0.0,0.0
0.0,0.0,0.0,0.0,0.0,0.0
0.0,0.0,0.0,0.0,0.0,0.0
0.0,0.0,0.0,0.0,0.0,0.0
0.4,0.13793103448275862,0.20512820512820515,0.4,0.13793103448275862,0.20512820512820515
0.0,0.0,0.0,0.0,0.0,0.0
0.0,0.0,0.0,0.0,0.0,0.0
0.0,0.0,0.0,0.0,0.0,0.0
0.4230769230769231,0.4782608695652174,0.44897959183673475,0.34615384615384615,0.391304347826087,0.36734693877551017
0.0,0.0,0.0,0.0,0.0,0.0
0.5517241379310345,0.4,0.463768115942029,0.3448275862068966,0.25,0.2898550724637681
0.6111111111111112,0.4074074074074074,0.4888888888888889,0.5,0.3333333333333333,0.4
0.3103448275862069,0.5294117647058824,0.391304347826087,0.2413793103448276,0.4117647058823529,0.3043478260869565
0.45454545454545453,0.5263157894736842,0.4878048780487805,0.4090909090909091,0.47368421052631576,0.43902439024390244
0.6153846153846154,0.5925925925925926,0.6037735849056604,0.5384615384615384,0.5185185185185185,0.5283018867924528
0.17857142857142858,0.625,0.2777777777777778,0.17857142857142858,0.625,0.2777777777777778
0.5454545454545454,0.42857142857142855,0.4799999999999999,0.36363636363636365,0.2857142857142857,0.32
0.0,0.0,0.0,0.0,0.0,0.0
0.5384615384615384,0.30434782608695654,0.3888888888888889,0.5384615384615384,0.30434782608695654,0.3888888888888889
0.5925925925925926,0.35555555555555557,0.4444444444444444,0.4074074074074074,0.24444444444444444,0.3055555555555555
0.5,0.6111111111111112,0.55,0.4090909090909091,0.5,0.45
0.25,0.4444444444444444,0.32,0.25,0.4444444444444444,0.32
0.0,0.0,0.0,0.0,0.0,0.0
0.5416666666666666,0.5909090909090909,0.5652173913043478,0.4583333333333333,0.5,0.4782608695652174
0.0,0.0,0.0,0.0,0.0,0.0
0.0,0.0,0.0,0.0,0.0,0.0
0.5714285714285714,0.23529411764705882,0.3333333333333333,0.42857142857142855,0.17647058823529413,0.25
0.27586206896551724,0.3333333333333333,0.3018867924528302,0.27586206896551724,0.3333333333333333,0.3018867924528302
0.6521739130434783,0.5,0.5660377358490566,0.5652173913043478,0.43333333333333335,0.49056603773584906
0.0,0.0,0.0,0.0,0.0,0.0
0.0,0.0,0.0,0.0,0.0,0.0
0.0,0.0,0.0,0.0,0.0,0.0
0.0,0.0,0.0,0.0,0.0,0.0
0.0,0.0,0.0,0.0,0.0,0.0
0.0,0.0,0.0,0.0,0.0,0.0
0.375,0.1875,0.25,0.375,0.1875,0.25
1.0,0.29411764705882354,0.45454545454545453,0.9,0.2647058823529412,0.40909090909090906
0.631578947368421,0.35294117647058826,0.45283018867924524,0.5263157894736842,0.29411764705882354,0.3773584905660377
0.6666666666666666,0.2727272727272727,0.3870967741935484,0.5555555555555556,0.22727272727272727,0.3225806451612903
0.5,0.37037037037037035,0.425531914893617,0.45,0.3333333333333333,0.3829787234042553
0.47619047619047616,0.4166666666666667,0.4444444444444445,0.3333333333333333,0.2916666666666667,0.3111111111111111
0.5,0.6111111111111112,0.55,0.4090909090909091,0.5,0.45
0.4444444444444444,0.42857142857142855,0.43636363636363634,0.4074074074074074,0.39285714285714285,0.39999999999999997
0.5,0.46875,0.4838709677419355,0.4,0.375,0.38709677419354843
0.5,0.8,0.6153846153846154,0.35,0.56,0.4307692307692308
0.35294117647058826,0.3157894736842105,0.33333333333333337,0.35294117647058826,0.3157894736842105,0.33333333333333337
0.4,0.13793103448275862,0.20512820512820515,0.4,0.13793103448275862,0.20512820512820515
0.0,0.0,0.0,0.0,0.0,0.0
0.47058823529411764,0.2962962962962963,0.3636363636363636,0.29411764705882354,0.18518518518518517,0.22727272727272727
0.6153846153846154,0.47058823529411764,0.5333333333333333,0.6153846153846154,0.47058823529411764,0.5333333333333333
0.42857142857142855,0.391304347826087,0.4090909090909091,0.42857142857142855,0.391304347826087,0.4090909090909091
0.0,0.0,0.0,0.0,0.0,0.0
0.17647058823529413,0.15789473684210525,0.16666666666666669,0.17647058823529413,0.15789473684210525,0.16666666666666669
0.0,0.0,0.0,0.0,0.0,0.0
0.625,0.4166666666666667,0.5,0.5625,0.375,0.45
0.0,0.0,0.0,0.0,0.0,0.0
0.0,0.0,0.0,0.0,0.0,0.0
0.0,0.0,0.0,0.0,0.0,0.0
0.0,0.0,0.0,0.0,0.0,0.0
0.625,0.5555555555555556,0.5882352941176471,0.625,0.5555555555555556,0.5882352941176471
0.42857142857142855,0.391304347826087,0.4090909090909091,0.42857142857142855,0.391304347826087,0.4090909090909091
0.4,0.5555555555555556,0.46511627906976744,0.28,0.3888888888888889,0.32558139534883723
0.35,0.4117647058823529,0.37837837837837834,0.3,0.35294117647058826,0.3243243243243243
0.6190476190476191,0.26,0.36619718309859156,0.5714285714285714,0.24,0.33802816901408445
0.19230769230769232,0.8333333333333334,0.3125,0.19230769230769232,0.8333333333333334,0.3125
0.43478260869565216,0.4,0.41666666666666663,0.391304347826087,0.36,0.37499999999999994
0.5833333333333334,0.35,0.4375,0.4166666666666667,0.25,0.3125
0.7142857142857143,0.5,0.588235294117647,0.7142857142857143,0.5,0.588235294117647
0.25,0.4444444444444444,0.32,0.25,0.4444444444444444,0.32
0.3333333333333333,0.6,0.42857142857142855,0.2777777777777778,0.5,0.35714285714285715
0.0,0.0,0.0,0.0,0.0,0.0
0.5384615384615384,0.22580645161290322,0.3181818181818182,0.46153846153846156,0.1935483870967742,0.2727272727272727
0.5833333333333334,0.35,0.4375,0.4166666666666667,0.25,0.3125
0.0,0.0,0.0,0.0,0.0,0.0
0.6111111111111112,0.2972972972972973,0.39999999999999997,0.5555555555555556,0.2702702702702703,0.36363636363636365
0.6111111111111112,0.4074074074074074,0.4888888888888889,0.5,0.3333333333333333,0.4
0.5625,0.47368421052631576,0.5142857142857142,0.5625,0.47368421052631576,0.5142857142857142
0.0,0.0,0.0,0.0,0.0,0.0
0.0,0.0,0.0,0.0,0.0,0.0
0.7142857142857143,0.39215686274509803,0.5063291139240506,0.6071428571428571,0.3333333333333333,0.430379746835443
0.5,0.3333333333333333,0.4,0.36666666666666664,0.24444444444444444,0.29333333333333333
0.0,0.0,0.0,0.0,0.0,0.0
0.3888888888888889,0.4117647058823529,0.39999999999999997,0.3888888888888889,0.4117647058823529,0.39999999999999997
0.5333333333333333,0.4444444444444444,0.4848484848484848,0.5333333333333333,0.4444444444444444,0.4848484848484848
0.0,0.0,0.0,0.0,0.0,0.0
0.5,0.37037037037037035,0.425531914893617,0.45,0.3333333333333333,0.3829787234042553
0.0,0.0,0.0,0.0,0.0,0.0
0.375,0.5294117647058824,0.4390243902439025,0.3333333333333333,0.47058823529411764,0.39024390243902435
0.5,0.44,0.46808510638297873,0.4090909090909091,0.36,0.3829787234042554
0.6111111111111112,0.13924050632911392,0.2268041237113402,0.6111111111111112,0.13924050632911392,0.2268041237113402
0.0,0.0,0.0,0.0,0.0,0.0
0.8888888888888888,0.32,0.47058823529411764,0.7777777777777778,0.28,0.4117647058823529
0.44,0.3142857142857143,0.3666666666666667,0.36,0.2571428571428571,0.3
0.0,0.0,0.0,0.0,0.0,0.0
0.6666666666666666,0.4444444444444444,0.5333333333333333,0.5,0.3333333333333333,0.4
0.0,0.0,0.0,0.0,0.0,0.0
0.0,0.0,0.0,0.0,0.0,0.0
0.0,0.0,0.0,0.0,0.0,0.0
0.0,0.0,0.0,0.0,0.0,0.0
0.5789473684210527,0.3333333333333333,0.4230769230769231,0.47368421052631576,0.2727272727272727,0.34615384615384615
0.5833333333333334,0.7,0.6363636363636365,0.5,0.6,0.5454545454545454
0.5,0.4666666666666667,0.4827586206896552,0.42857142857142855,0.4,0.4137931034482759
0.5333333333333333,0.47058823529411764,0.5,0.3333333333333333,0.29411764705882354,0.3125
0.0,0.0,0.0,0.0,0.0,0.0
0.0,0.0,0.0,0.0,0.0,0.0
0.0,0.0,0.0,0.0,0.0,0.0
0.5333333333333333,0.24242424242424243,0.3333333333333333,0.4666666666666667,0.21212121212121213,0.29166666666666663
0.46153846153846156,0.11764705882352941,0.1875,0.38461538461538464,0.09803921568627451,0.15625000000000003
0.6153846153846154,0.5,0.5517241379310345,0.5384615384615384,0.4375,0.4827586206896552
0.27586206896551724,0.3333333333333333,0.3018867924528302,0.27586206896551724,0.3333333333333333,0.3018867924528302
0.625,0.23809523809523808,0.3448275862068965,0.5,0.19047619047619047,0.27586206896551724
0.75,0.391304347826087,0.5142857142857143,0.6666666666666666,0.34782608695652173,0.4571428571428571
0.45454545454545453,0.2777777777777778,0.3448275862068966,0.36363636363636365,0.2222222222222222,0.27586206896551724
0.8888888888888888,0.22857142857142856,0.3636363636363636,0.7777777777777778,0.2,0.3181818181818182
0.9,0.42857142857142855,0.5806451612903225,0.9,0.42857142857142855,0.5806451612903225
0.5454545454545454,0.5,0.5217391304347826,0.5454545454545454,0.5,0.5217391304347826
0.5,0.19230769230769232,0.2777777777777778,0.5,0.19230769230769232,0.2777777777777778
0.5357142857142857,0.5357142857142857,0.5357142857142857,0.4642857142857143,0.4642857142857143,0.4642857142857143
0.0,0.0,0.0,0.0,0.0,0.0
0.5714285714285714,0.5333333333333333,0.5517241379310344,0.5714285714285714,0.5333333333333333,0.5517241379310344
0.5555555555555556,0.2777777777777778,0.3703703703703704,0.4444444444444444,0.2222222222222222,0.2962962962962963
0.0,0.0,0.0,0.0,0.0,0.0
0.0,0.0,0.0,0.0,0.0,0.0
0.4666666666666667,0.25925925925925924,0.33333333333333337,0.4666666666666667,0.25925925925925924,0.33333333333333337
0.0,0.0,0.0,0.0,0.0,0.0
0.45454545454545453,0.2777777777777778,0.3448275862068966,0.36363636363636365,0.2222222222222222,0.27586206896551724
0.0,0.0,0.0,0.0,0.0,0.0
0.32,0.47058823529411764,0.38095238095238104,0.28,0.4117647058823529,0.3333333333333333
0.0,0.0,0.0,0.0,0.0,0.0
0.0,0.0,0.0,0.0,0.0,0.0
0.0,0.0,0.0,0.0,0.0,0.0
0.0,0.0,0.0,0.0,0.0,0.0
0.5555555555555556,0.1282051282051282,0.20833333333333334,0.5555555555555556,0.1282051282051282,0.20833333333333334
0.0,0.0,0.0,0.0,0.0,0.0
0.0,0.0,0.0,0.0,0.0,0.0
0.0,0.0,0.0,0.0,0.0,0.0
0.6,0.1935483870967742,0.2926829268292683,0.6,0.1935483870967742,0.2926829268292683
0.0,0.0,0.0,0.0,0.0,0.0
0.0,0.0,0.0,0.0,0.0,0.0
0.8333333333333334,0.7692307692307693,0.8,0.8333333333333334,0.7692307692307693,0.8
0.28,0.4375,0.34146341463414637,0.24,0.375,0.2926829268292683
0.7272727272727273,0.4,0.5161290322580645,0.7272727272727273,0.4,0.5161290322580645
0.7272727272727273,0.42105263157894735,0.5333333333333333,0.7272727272727273,0.42105263157894735,0.5333333333333333
0.28,0.4375,0.34146341463414637,0.24,0.375,0.2926829268292683
0.0,0.0,0.0,0.0,0.0,0.0
0.0,0.0,0.0,0.0,0.0,0.0
0.8333333333333334,0.7692307692307693,0.8,0.8333333333333334,0.7692307692307693,0.8
0.0,0.0,0.0,0.0,0.0,0.0
0.29411764705882354,0.38461538461538464,0.33333333333333337,0.29411764705882354,0.38461538461538464,0.33333333333333337
0.0,0.0,0.0,0.0,0.0,0.0
0.0,0.0,0.0,0.0,0.0,0.0
0.0,0.0,0.0,0.0,0.0,0.0
0.0,0.0,0.0,0.0,0.0,0.0
0.8571428571428571,0.18181818181818182,0.30000000000000004,0.8571428571428571,0.18181818181818182,0.30000000000000004
0.0,0.0,0.0,0.0,0.0,0.0
0.0,0.0,0.0,0,0,0
0.0,0.0,0.0,0.0,0.0,0.0
0.0,0.0,0.0,0.0,0.0,0.0
0.7272727272727273,0.4,0.5161290322580645,0.7272727272727273,0.4,0.5161290322580645
0.0,0.0,0.0,0,0,0
0.0,0.0,0.0,0.0,0.0,0.0
0.8571428571428571,0.18181818181818182,0.30000000000000004,0.8571428571428571,0.18181818181818182,0.30000000000000004
0.0,0.0,0.0,0.0,0.0,0.0
0.5,0.5,0.5,0.3888888888888889,0.3888888888888889,0.3888888888888889
0.6666666666666666,0.5185185185185185,0.5833333333333334,0.6190476190476191,0.48148148148148145,0.5416666666666666
0.7058823529411765,0.631578947368421,0.6666666666666667,0.6470588235294118,0.5789473684210527,0.6111111111111113
0.9,0.3,0.45000000000000007,0.8,0.26666666666666666,0.4
1.0,0.5,0.6666666666666666,1.0,0.5,0.6666666666666666
0.4,0.4,0.4000000000000001,0.4,0.4,0.4000000000000001
1.0,0.875,0.9333333333333333,1.0,0.875,0.9333333333333333
0.9285714285714286,0.7647058823529411,0.8387096774193549,0.9285714285714286,0.7647058823529411,0.8387096774193549
0.8181818181818182,0.4090909090909091,0.5454545454545455,0.8181818181818182,0.4090909090909091,0.5454545454545455
0.4444444444444444,0.6666666666666666,0.5333333333333333,0.4444444444444444,0.6666666666666666,0.5333333333333333
0.6666666666666666,0.5882352941176471,0.625,0.6666666666666666,0.5882352941176471,0.625
0.5,0.5714285714285714,0.5333333333333333,0.5,0.5714285714285714,0.5333333333333333
0.35714285714285715,0.29411764705882354,0.3225806451612903,0.35714285714285715,0.29411764705882354,0.3225806451612903
0.4444444444444444,0.2,0.2758620689655173,0.4444444444444444,0.2,0.2758620689655173
0.5,0.20833333333333334,0.29411764705882354,0.5,0.20833333333333334,0.29411764705882354
0.875,0.7777777777777778,0.823529411764706,0.875,0.7777777777777778,0.823529411764706
0.6363636363636364,0.2,0.30434782608695654,0.6363636363636364,0.2,0.30434782608695654
0.75,0.6,0.6666666666666665,0.75,0.6,0.6666666666666665
0.7222222222222222,0.3170731707317073,0.44067796610169496,0.5555555555555556,0.24390243902439024,0.33898305084745767
0.4666666666666667,0.25925925925925924,0.33333333333333337,0.3333333333333333,0.18518518518518517,0.23809523809523808
0.5,0.16666666666666666,0.25,0.5,0.16666666666666666,0.25
0.7,0.18421052631578946,0.29166666666666663,0.7,0.18421052631578946,0.29166666666666663
1.0,0.3888888888888889,0.56,0.9285714285714286,0.3611111111111111,0.52
0.5,0.21875,0.30434782608695654,0.35714285714285715,0.15625,0.21739130434782608
0.75,0.8571428571428571,0.7999999999999999,0.75,0.8571428571428571,0.7999999999999999
0.5,0.5,0.5,0.3888888888888889,0.3888888888888889,0.3888888888888889
0.6666666666666666,0.5185185185185185,0.5833333333333334,0.6190476190476191,0.48148148148148145,0.5416666666666666
0.4444444444444444,0.6666666666666666,0.5333333333333333,0.4444444444444444,0.6666666666666666,0.5333333333333333
0.0,0.0,0.0,0.0,0.0,0.0
0.0,0.0,0.0,0.0,0.0,0.0
0.7058823529411765,0.631578947368421,0.6666666666666667,0.6470588235294118,0.5789473684210527,0.6111111111111113
0.0,0.0,0.0,0,0,0
0.0,0.0,0.0,0.0,0.0,0.0
1.0,0.5,0.6666666666666666,1.0,0.5,0.6666666666666666
0.0,0.0,0.0,0.0,0.0,0.0
0.4666666666666667,0.25925925925925924,0.33333333333333337,0.3333333333333333,0.18518518518518517,0.23809523809523808
0.6666666666666666,0.5882352941176471,0.625,0.6666666666666666,0.5882352941176471,0.625
0.4,0.4,0.4000000000000001,0.4,0.4,0.4000000000000001
0.0,0.0,0.0,0.0,0.0,0.0
0.9285714285714286,0.7647058823529411,0.8387096774193549,0.9285714285714286,0.7647058823529411,0.8387096774193549
1.0,0.6470588235294118,0.7857142857142858,1.0,0.6470588235294118,0.7857142857142858
0.65,0.48148148148148145,0.553191489361702,0.65,0.48148148148148145,0.553191489361702
0.6666666666666666,0.5882352941176471,0.625,0.6666666666666666,0.5882352941176471,0.625
0.9285714285714286,0.48148148148148145,0.6341463414634146,0.9285714285714286,0.48148148148148145,0.6341463414634146
0.6666666666666666,0.5882352941176471,0.625,0.6666666666666666,0.5882352941176471,0.625
0.0,0.0,0.0,0.0,0.0,0.0
0.0,0.0,0.0,0.0,0.0,0.0
0.0,0.0,0.0,0.0,0.0,0.0
0.0,0.0,0.0,0.0,0.0,0.0
0.5882352941176471,0.5882352941176471,0.5882352941176471,0.5882352941176471,0.5882352941176471,0.5882352941176471
0.35294117647058826,0.2608695652173913,0.3,0.35294117647058826,0.2608695652173913,0.3
0.5,0.0625,0.1111111111111111,0.5,0.0625,0.1111111111111111
0.4666666666666667,0.25925925925925924,0.33333333333333337,0.3333333333333333,0.18518518518518517,0.23809523809523808
0.0,0.0,0.0,0.0,0.0,0.0
0.0,0.0,0.0,0.0,0.0,0.0
0.4666666666666667,0.25925925925925924,0.33333333333333337,0.3333333333333333,0.18518518518518517,0.23809523809523808
0.0,0.0,0.0,0.0,0.0,0.0
0.0,0.0,0.0,0.0,0.0,0.0
0.8571428571428571,0.6666666666666666,0.75,0.8571428571428571,0.6666666666666666,0.75
1.0,0.5,0.6666666666666666,1.0,0.5,0.6666666666666666
0.0,0.0,0.0,0,0,0
0.9166666666666666,0.25,0.3928571428571429,0.8333333333333334,0.22727272727272727,0.35714285714285715
